session_id,asset_name,subject_id,acquisition_date,session_type,session_description,stimulus_class,image_set_name,species,sex,age,genotype,institution,lab,experimenter,identifier,change_time_distribution,change_time_scale,pre_change_time_sec,min_no_lick_time_sec,timeout_duration_sec,end_after_response_sec,failure_repeats,catch_frequency,catch_mode,reward_volume_ml,auto_reward_volume_ml,auto_reward_delay_sec,volume_limit_ml,free_reward_trials,warm_up_trials,task_id,task_name,max_task_duration_min,task_hed_tags,response_window_start_sec,response_window_stop_sec,change_flashes_min,change_flashes_max,stimulus_duration_sec,blank_duration_sec,epilogue_name,epilogue_movie_path,epilogue_runs,epilogue_frame_length_sec,flash_omit_probability
multiplane-ophys_782149_2025-03-25_09-46-08_behavior-nwb_2026-07-07_17-29-29,multiplane-ophys_782149_2025-03-25_09-46-08_behavior-nwb_2026-07-07_17-29-29,782149,2025-03-25T09:46:08.139000+00:00,TRAINING_0_gratings_autorewards_15min,TRAINING_0_gratings_autorewards_15min,grating,,Mus musculus,M,P108D,Slc32a1-IRES-Cre/wt;Oi1(TIT2L-jGCaMP8s-WPRE-ICL-IRES-tTA2)/wt,,,,389f526b-b9cd-4fa0-bc5b-73cde1eb5409,exponential,2.0,2.25,0.0,0.3,3.5,0.0,0.0,explicit,0.0,0.005,0.15,5.0,10.0,-1.0,DoC,change detection,15.0,"Task, Experiment-procedure, Label/change_detection_task",0.0,0.0,,,,,,,,,
multiplane-ophys_782149_2025-03-28_10-55-25_behavior-nwb_2026-07-07_17-29-33,multiplane-ophys_782149_2025-03-28_10-55-25_behavior-nwb_2026-07-07_17-29-33,782149,2025-03-28T10:55:25.066000+00:00,TRAINING_1_gratings,TRAINING_1_gratings,grating,,Mus musculus,M,P111D,Slc32a1-IRES-Cre/wt;Oi1(TIT2L-jGCaMP8s-WPRE-ICL-IRES-tTA2)/wt,,,,d6eab396-eb71-45dd-9db2-9360112f3b14,exponential,2.0,2.25,0.0,0.3,3.5,5.0,0.25,explicit,0.01,0.005,0.15,5.0,10.0,5.0,DoC,change detection,60.0,"Task, Experiment-procedure, Label/change_detection_task",0.15,1.0,,,,,,,,,
multiplane-ophys_782149_2025-03-29_10-10-29_behavior-nwb_2026-07-07_17-29-43,multiplane-ophys_782149_2025-03-29_10-10-29_behavior-nwb_2026-07-07_17-29-43,782149,2025-03-29T10:10:28.985000+00:00,TRAINING_1_gratings,TRAINING_1_gratings,grating,,Mus musculus,M,P112D,Slc32a1-IRES-Cre/wt;Oi1(TIT2L-jGCaMP8s-WPRE-ICL-IRES-tTA2)/wt,,,,de9cda15-8776-4510-a5e5-f9fa3d124e51,exponential,2.0,2.25,0.0,0.3,3.5,5.0,0.25,explicit,0.01,0.005,0.15,5.0,10.0,5.0,DoC,change detection,60.0,"Task, Experiment-procedure, Label/change_detection_task",0.15,1.0,,,,,,,,,
multiplane-ophys_782149_2025-03-31_12-23-33_behavior-nwb_2026-07-07_17-29-51,multiplane-ophys_782149_2025-03-31_12-23-33_behavior-nwb_2026-07-07_17-29-51,782149,2025-03-31T12:23:33.272000+00:00,TRAINING_1_gratings,TRAINING_1_gratings,grating,,Mus musculus,M,P114D,Slc32a1-IRES-Cre/wt;Oi1(TIT2L-jGCaMP8s-WPRE-ICL-IRES-tTA2)/wt,,,,acf3a9f1-660a-4149-bc76-d3a3a1191a92,exponential,2.0,2.25,0.0,0.3,3.5,5.0,0.25,explicit,0.01,0.005,0.15,5.0,10.0,5.0,DoC,change detection,60.0,"Task, Experiment-procedure, Label/change_detection_task",0.15,1.0,,,,,,,,,
multiplane-ophys_782149_2025-04-01_09-42-11_behavior-nwb_2026-07-07_17-30-00,multiplane-ophys_782149_2025-04-01_09-42-11_behavior-nwb_2026-07-07_17-30-00,782149,2025-04-01T09:42:11.328000+00:00,TRAINING_2_gratings_flashed,TRAINING_2_gratings_flashed,grating,,Mus musculus,M,P115D,Slc32a1-IRES-Cre/wt;Oi1(TIT2L-jGCaMP8s-WPRE-ICL-IRES-tTA2)/wt,,,,b938cadc-72e8-49f8-9b2e-eccc4b4ba299,geometric,0.3,0.0,0.0,0.3,3.5,5.0,0.25,explicit,0.01,0.005,0.15,5.0,10.0,5.0,DoC,change detection,60.0,"Task, Experiment-procedure, Label/change_detection_task",0.15,0.75,4.0,12.0,0.25,0.5,,,,,
multiplane-ophys_782149_2025-04-02_12-16-24_behavior-nwb_2026-07-07_17-30-08,multiplane-ophys_782149_2025-04-02_12-16-24_behavior-nwb_2026-07-07_17-30-08,782149,2025-04-02T12:16:23.868000+00:00,TRAINING_3_images_A_10uL_reward,TRAINING_3_images_A_10uL_reward,images,Natural_Images_Lum_Matched_set_training_2017.07.14,Mus musculus,M,P116D,Slc32a1-IRES-Cre/wt;Oi1(TIT2L-jGCaMP8s-WPRE-ICL-IRES-tTA2)/wt,,,,240f2fc3-3b2b-44db-aedf-84a5d72573f5,geometric,0.3,0.0,0.0,0.3,3.5,5.0,,implicit,0.01,0.005,0.15,5.0,10.0,5.0,DoC,change detection,60.0,"Task, Experiment-procedure, Label/change_detection_task",0.15,0.75,4.0,12.0,0.25,0.5,,,,,
multiplane-ophys_782149_2025-04-04_11-39-31_behavior-nwb_2026-07-07_17-30-18,multiplane-ophys_782149_2025-04-04_11-39-31_behavior-nwb_2026-07-07_17-30-18,782149,2025-04-04T11:39:30.608000+00:00,TRAINING_3_images_A_10uL_reward,TRAINING_3_images_A_10uL_reward,images,Natural_Images_Lum_Matched_set_training_2017.07.14,Mus musculus,M,P118D,Slc32a1-IRES-Cre/wt;Oi1(TIT2L-jGCaMP8s-WPRE-ICL-IRES-tTA2)/wt,,,,4471a323-a4ed-494a-b37d-b38d5951b311,geometric,0.3,0.0,0.0,0.3,3.5,5.0,,implicit,0.01,0.005,0.15,5.0,10.0,5.0,DoC,change detection,60.0,"Task, Experiment-procedure, Label/change_detection_task",0.15,0.75,4.0,12.0,0.25,0.5,,,,,
multiplane-ophys_782149_2025-04-08_09-28-39_behavior-nwb_2026-07-07_17-30-26,multiplane-ophys_782149_2025-04-08_09-28-39_behavior-nwb_2026-07-07_17-30-26,782149,2025-04-08T09:28:39.206000+00:00,TRAINING_3_images_A_10uL_reward,TRAINING_3_images_A_10uL_reward,images,Natural_Images_Lum_Matched_set_training_2017.07.14,Mus musculus,M,P122D,Slc32a1-IRES-Cre/wt;Oi1(TIT2L-jGCaMP8s-WPRE-ICL-IRES-tTA2)/wt,,,,02e39097-4409-46c4-ac21-712b33ad2961,geometric,0.3,0.0,0.0,0.3,3.5,5.0,,implicit,0.01,0.005,0.15,5.0,10.0,5.0,DoC,change detection,60.0,"Task, Experiment-procedure, Label/change_detection_task",0.15,0.75,4.0,12.0,0.25,0.5,,,,,
multiplane-ophys_782149_2025-04-09_09-46-45_behavior-nwb_2026-07-07_17-30-35,multiplane-ophys_782149_2025-04-09_09-46-45_behavior-nwb_2026-07-07_17-30-35,782149,2025-04-09T09:46:44.623000+00:00,TRAINING_4_images_A_training,TRAINING_4_images_A_training,images,Natural_Images_Lum_Matched_set_training_2017.07.14,Mus musculus,M,P123D,Slc32a1-IRES-Cre/wt;Oi1(TIT2L-jGCaMP8s-WPRE-ICL-IRES-tTA2)/wt,,,,86ac7df0-4d5b-4da1-b992-452328b6d48e,geometric,0.3,0.0,0.0,0.3,3.5,5.0,,implicit,0.007,0.005,0.15,5.0,10000.0,5.0,DoC,change detection,60.0,"Task, Experiment-procedure, Label/change_detection_task",0.15,0.75,4.0,12.0,0.25,0.5,,,,,
multiplane-ophys_782149_2025-04-10_09-26-55_behavior-nwb_2026-07-07_17-30-47,multiplane-ophys_782149_2025-04-10_09-26-55_behavior-nwb_2026-07-07_17-30-47,782149,2025-04-10T09:26:54.647000+00:00,TRAINING_5_images_A_epilogue,TRAINING_5_images_A_epilogue,images,Natural_Images_Lum_Matched_set_training_2017.07.14,Mus musculus,M,P124D,Slc32a1-IRES-Cre/wt;Oi1(TIT2L-jGCaMP8s-WPRE-ICL-IRES-tTA2)/wt,,,,b6ffc3de-7b47-4935-b9ac-d50213e4f256,geometric,0.3,0.0,0.0,0.3,3.5,5.0,,implicit,0.007,0.005,0.15,5.0,10000.0,5.0,DoC,change detection,60.0,"Task, Experiment-procedure, Label/change_detection_task",0.15,0.75,4.0,12.0,0.25,0.5,fingerprint,//allen/programs/braintv/workgroups/neuralcoding/Saskia/Visual Stimuli 151207/Movie_TOE1.npy,10.0,0.03333333333333333,
multiplane-ophys_782149_2025-04-11_09-47-54_behavior-nwb_2026-07-07_17-31-00,multiplane-ophys_782149_2025-04-11_09-47-54_behavior-nwb_2026-07-07_17-31-00,782149,2025-04-11T09:47:53.970000+00:00,TRAINING_5_images_A_handoff_ready,TRAINING_5_images_A_handoff_ready,images,Natural_Images_Lum_Matched_set_training_2017.07.14,Mus musculus,M,P125D,Slc32a1-IRES-Cre/wt;Oi1(TIT2L-jGCaMP8s-WPRE-ICL-IRES-tTA2)/wt,,,,7ba9147e-79db-4aa6-947e-b9cc3f5f67fe,geometric,0.3,0.0,0.0,0.3,3.5,5.0,,implicit,0.007,0.005,0.15,5.0,10000.0,5.0,DoC,change detection,60.0,"Task, Experiment-procedure, Label/change_detection_task",0.15,0.75,4.0,12.0,0.25,0.5,fingerprint,//allen/programs/braintv/workgroups/neuralcoding/Saskia/Visual Stimuli 151207/Movie_TOE1.npy,10.0,0.03333333333333333,
multiplane-ophys_782149_2025-04-14_12-01-21_behavior-nwb_2026-07-07_17-31-14,multiplane-ophys_782149_2025-04-14_12-01-21_behavior-nwb_2026-07-07_17-31-14,782149,2025-04-14T12:01:20.772000+00:00,TRAINING_5_images_A_handoff_lapsed,TRAINING_5_images_A_handoff_lapsed,images,Natural_Images_Lum_Matched_set_training_2017.07.14,Mus musculus,M,P128D,Slc32a1-IRES-Cre/wt;Oi1(TIT2L-jGCaMP8s-WPRE-ICL-IRES-tTA2)/wt,,,,c1fa7063-e72c-4bad-99aa-873f885f6ab8,geometric,0.3,0.0,0.0,0.3,3.5,5.0,,implicit,0.007,0.005,0.15,5.0,10000.0,5.0,DoC,change detection,60.0,"Task, Experiment-procedure, Label/change_detection_task",0.15,0.75,4.0,12.0,0.25,0.5,fingerprint,//allen/programs/braintv/workgroups/neuralcoding/Saskia/Visual Stimuli 151207/Movie_TOE1.npy,10.0,0.03333333333333333,
multiplane-ophys_782149_2025-04-15_09-36-40_behavior-nwb_2026-07-07_17-31-28,multiplane-ophys_782149_2025-04-15_09-36-40_behavior-nwb_2026-07-07_17-31-28,782149,2025-04-15T09:36:40.274000+00:00,OPHYS_1_images_A,OPHYS_1_images_A,images,Natural_Images_Lum_Matched_set_training_2017.07.14,Mus musculus,M,P129D,Slc32a1-IRES-Cre/wt;Oi1(TIT2L-jGCaMP8s-WPRE-ICL-IRES-tTA2)/wt,,,,1c0d8684-cae2-4bf8-b4dd-271d10432e67,geometric,0.3,0.0,0.0,0.3,3.5,5.0,,implicit,0.007,0.005,0.15,5.0,10000.0,5.0,DoC,change detection,60.0,"Task, Experiment-procedure, Label/change_detection_task",0.15,0.75,4.0,12.0,0.25,0.5,fingerprint,//allen/programs/braintv/workgroups/neuralcoding/Saskia/Visual Stimuli 151207/Movie_TOE1.npy,10.0,0.03333333333333333,0.05
multiplane-ophys_782149_2025-04-16_09-36-19_behavior-nwb_2026-07-07_17-31-41,multiplane-ophys_782149_2025-04-16_09-36-19_behavior-nwb_2026-07-07_17-31-41,782149,2025-04-16T09:36:19.354000+00:00,OPHYS_1_images_A,OPHYS_1_images_A,images,Natural_Images_Lum_Matched_set_training_2017.07.14,Mus musculus,M,P130D,Slc32a1-IRES-Cre/wt;Oi1(TIT2L-jGCaMP8s-WPRE-ICL-IRES-tTA2)/wt,,,,1b88cdbb-cda4-4fe4-871c-29be03ac513a,geometric,0.3,0.0,0.0,0.3,3.5,5.0,,implicit,0.007,0.005,0.15,5.0,10000.0,5.0,DoC,change detection,60.0,"Task, Experiment-procedure, Label/change_detection_task",0.15,0.75,4.0,12.0,0.25,0.5,fingerprint,//allen/programs/braintv/workgroups/neuralcoding/Saskia/Visual Stimuli 151207/Movie_TOE1.npy,10.0,0.03333333333333333,0.05
multiplane-ophys_782149_2025-04-23_08-59-23_behavior-nwb_2026-07-07_17-31-52,multiplane-ophys_782149_2025-04-23_08-59-23_behavior-nwb_2026-07-07_17-31-52,782149,2025-04-23T08:59:23.021000+00:00,TRAINING_4_images_A_training,TRAINING_4_images_A_training,images,Natural_Images_Lum_Matched_set_training_2017.07.14,Mus musculus,M,P137D,Slc32a1-IRES-Cre/wt;Oi1(TIT2L-jGCaMP8s-WPRE-ICL-IRES-tTA2)/wt,,,,90638564-4d86-45a5-ab9f-51438f876814,geometric,0.3,0.0,0.0,0.3,3.5,5.0,,implicit,0.007,0.005,0.15,5.0,10000.0,5.0,DoC,change detection,60.0,"Task, Experiment-procedure, Label/change_detection_task",0.15,0.75,4.0,12.0,0.25,0.5,,,,,
multiplane-ophys_782149_2025-04-25_09-14-05_behavior-nwb_2026-07-07_17-32-04,multiplane-ophys_782149_2025-04-25_09-14-05_behavior-nwb_2026-07-07_17-32-04,782149,2025-04-25T09:14:05.004000+00:00,TRAINING_5_images_A_epilogue,TRAINING_5_images_A_epilogue,images,Natural_Images_Lum_Matched_set_training_2017.07.14,Mus musculus,M,P139D,Slc32a1-IRES-Cre/wt;Oi1(TIT2L-jGCaMP8s-WPRE-ICL-IRES-tTA2)/wt,,,,a048d7d5-f414-442a-9103-26b1a2f560f7,geometric,0.3,0.0,0.0,0.3,3.5,5.0,,implicit,0.007,0.005,0.15,5.0,10000.0,5.0,DoC,change detection,60.0,"Task, Experiment-procedure, Label/change_detection_task",0.15,0.75,4.0,12.0,0.25,0.5,fingerprint,//allen/programs/braintv/workgroups/neuralcoding/Saskia/Visual Stimuli 151207/Movie_TOE1.npy,10.0,0.03333333333333333,
multiplane-ophys_782149_2025-04-28_10-02-28_behavior-nwb_2026-07-07_17-32-17,multiplane-ophys_782149_2025-04-28_10-02-28_behavior-nwb_2026-07-07_17-32-17,782149,2025-04-28T10:02:27.718000+00:00,OPHYS_4_images_B,OPHYS_4_images_B,images,Natural_Images_Lum_Matched_set_ophys_6_2017.07.14,Mus musculus,M,P142D,Slc32a1-IRES-Cre/wt;Oi1(TIT2L-jGCaMP8s-WPRE-ICL-IRES-tTA2)/wt,,,,773dad41-6b23-43e6-bd57-4f1aac55c07f,geometric,0.3,0.0,0.0,0.3,3.5,5.0,,implicit,0.007,0.005,0.15,5.0,10000.0,5.0,DoC,change detection,60.0,"Task, Experiment-procedure, Label/change_detection_task",0.15,0.75,4.0,12.0,0.25,0.5,fingerprint,//allen/programs/braintv/workgroups/neuralcoding/Saskia/Visual Stimuli 151207/Movie_TOE1.npy,10.0,0.03333333333333333,0.05
multiplane-ophys_782149_2025-04-29_09-15-23_behavior-nwb_2026-07-07_17-32-30,multiplane-ophys_782149_2025-04-29_09-15-23_behavior-nwb_2026-07-07_17-32-30,782149,2025-04-29T09:15:22.671000+00:00,OPHYS_4_images_B,OPHYS_4_images_B,images,Natural_Images_Lum_Matched_set_ophys_6_2017.07.14,Mus musculus,M,P143D,Slc32a1-IRES-Cre/wt;Oi1(TIT2L-jGCaMP8s-WPRE-ICL-IRES-tTA2)/wt,,,,978953cf-6d31-4280-bd83-de8624dfc5a6,geometric,0.3,0.0,0.0,0.3,3.5,5.0,,implicit,0.007,0.005,0.15,5.0,10000.0,5.0,DoC,change detection,60.0,"Task, Experiment-procedure, Label/change_detection_task",0.15,0.75,4.0,12.0,0.25,0.5,fingerprint,//allen/programs/braintv/workgroups/neuralcoding/Saskia/Visual Stimuli 151207/Movie_TOE1.npy,10.0,0.03333333333333333,0.05
multiplane-ophys_782149_2025-04-30_11-37-48_behavior-nwb_2026-07-07_17-32-42,multiplane-ophys_782149_2025-04-30_11-37-48_behavior-nwb_2026-07-07_17-32-42,782149,2025-04-30T11:37:48.205000+00:00,OPHYS_6_images_B,OPHYS_6_images_B,images,Natural_Images_Lum_Matched_set_ophys_6_2017.07.14,Mus musculus,M,P144D,Slc32a1-IRES-Cre/wt;Oi1(TIT2L-jGCaMP8s-WPRE-ICL-IRES-tTA2)/wt,,,,bb906bbf-dd88-4959-a926-c53f0c4a977f,geometric,0.3,0.0,0.0,0.3,3.5,5.0,,implicit,0.007,0.005,0.15,5.0,10000.0,5.0,DoC,change detection,60.0,"Task, Experiment-procedure, Label/change_detection_task",0.15,0.75,4.0,12.0,0.25,0.5,fingerprint,//allen/programs/braintv/workgroups/neuralcoding/Saskia/Visual Stimuli 151207/Movie_TOE1.npy,10.0,0.03333333333333333,0.05
multiplane-ophys_782149_2025-05-01_09-20-00_behavior-nwb_2026-07-07_17-32-53,multiplane-ophys_782149_2025-05-01_09-20-00_behavior-nwb_2026-07-07_17-32-53,782149,2025-05-01T09:20:00.472000+00:00,OPHYS_6_images_B,OPHYS_6_images_B,images,Natural_Images_Lum_Matched_set_ophys_6_2017.07.14,Mus musculus,M,P145D,Slc32a1-IRES-Cre/wt;Oi1(TIT2L-jGCaMP8s-WPRE-ICL-IRES-tTA2)/wt,,,,b1c3627a-76f7-4d6c-91d1-90978815bed8,geometric,0.3,0.0,0.0,0.3,3.5,5.0,,implicit,0.007,0.005,0.15,5.0,10000.0,5.0,DoC,change detection,60.0,"Task, Experiment-procedure, Label/change_detection_task",0.15,0.75,4.0,12.0,0.25,0.5,fingerprint,//allen/programs/braintv/workgroups/neuralcoding/Saskia/Visual Stimuli 151207/Movie_TOE1.npy,10.0,0.03333333333333333,0.05
multiplane-ophys_782149_2025-05-02_10-55-09_behavior-nwb_2026-07-07_17-33-07,multiplane-ophys_782149_2025-05-02_10-55-09_behavior-nwb_2026-07-07_17-33-07,782149,2025-05-02T10:55:15.223000+00:00,,STAGE_0,,,Mus musculus,M,,Slc32a1-IRES-Cre/wt;Oi1(TIT2L-jGCaMP8s-WPRE-ICL-IRES-tTA2)/wt,,,,795cb51a-4451-4b3b-972a-aaaa5060b0b5,,,,,,,,,,,,,,,,,,,,,,,,,,,,,,
multiplane-ophys_782149_2025-05-05_11-39-29_behavior-nwb_2026-07-07_17-33-28,multiplane-ophys_782149_2025-05-05_11-39-29_behavior-nwb_2026-07-07_17-33-28,782149,2025-05-05T11:39:34.520000+00:00,,STAGE_1,,,Mus musculus,M,,Slc32a1-IRES-Cre/wt;Oi1(TIT2L-jGCaMP8s-WPRE-ICL-IRES-tTA2)/wt,,,,0de255b2-22d4-4eb7-ba07-18b0df70803f,,,,,,,,,,,,,,,,,,,,,,,,,,,,,,
multiplane-ophys_782149_2025-05-06_09-18-12_behavior-nwb_2026-07-07_17-33-32,multiplane-ophys_782149_2025-05-06_09-18-12_behavior-nwb_2026-07-07_17-33-32,782149,2025-05-06T09:18:18.450000+00:00,,STAGE_1,,,Mus musculus,M,,Slc32a1-IRES-Cre/wt;Oi1(TIT2L-jGCaMP8s-WPRE-ICL-IRES-tTA2)/wt,,,,b80d0b60-bdc9-4f4f-b58d-a1fd5c11cdee,,,,,,,,,,,,,,,,,,,,,,,,,,,,,,
multiplane-ophys_782149_2025-05-07_09-10-44_behavior-nwb_2026-07-07_17-33-37,multiplane-ophys_782149_2025-05-07_09-10-44_behavior-nwb_2026-07-07_17-33-37,782149,2025-05-07T09:10:49.749000+00:00,,STAGE_1,,,Mus musculus,M,,Slc32a1-IRES-Cre/wt;Oi1(TIT2L-jGCaMP8s-WPRE-ICL-IRES-tTA2)/wt,,,,b5ae899a-79f4-41a3-ad9a-808b454cd726,,,,,,,,,,,,,,,,,,,,,,,,,,,,,,
multiplane-ophys_788406_2025-05-29_11-29-10_behavior-nwb_2026-07-07_17-33-40,multiplane-ophys_788406_2025-05-29_11-29-10_behavior-nwb_2026-07-07_17-33-40,788406,2025-05-29T11:29:10.529000+00:00,TRAINING_0_gratings_autorewards_15min,TRAINING_0_gratings_autorewards_15min,grating,,Mus musculus,M,P131D,Slc32a1-IRES-Cre/wt;Oi1(TIT2L-jGCaMP8s-WPRE-ICL-IRES-tTA2)/wt,,,,f1059599-78f2-4f1c-96f3-036706377630,exponential,2.0,2.25,0.0,0.3,3.5,0.0,0.0,explicit,0.0,0.005,0.15,5.0,10.0,-1.0,DoC,change detection,15.0,"Task, Experiment-procedure, Label/change_detection_task",0.0,0.0,,,,,,,,,
multiplane-ophys_788406_2025-05-31_12-37-36_behavior-nwb_2026-07-07_17-33-44,multiplane-ophys_788406_2025-05-31_12-37-36_behavior-nwb_2026-07-07_17-33-44,788406,2025-05-31T12:37:35.759000+00:00,TRAINING_1_gratings,TRAINING_1_gratings,grating,,Mus musculus,M,P133D,Slc32a1-IRES-Cre/wt;Oi1(TIT2L-jGCaMP8s-WPRE-ICL-IRES-tTA2)/wt,,,,2fe752af-6d53-415f-96d5-ac4f9dd2e14d,exponential,2.0,2.25,0.0,0.3,3.5,5.0,0.25,explicit,0.01,0.005,0.15,5.0,10.0,5.0,DoC,change detection,60.0,"Task, Experiment-procedure, Label/change_detection_task",0.15,1.0,,,,,,,,,
multiplane-ophys_788406_2025-06-04_07-29-18_behavior-nwb_2026-07-07_17-33-54,multiplane-ophys_788406_2025-06-04_07-29-18_behavior-nwb_2026-07-07_17-33-54,788406,2025-06-04T07:29:18.321000+00:00,TRAINING_1_gratings,TRAINING_1_gratings,grating,,Mus musculus,M,P137D,Slc32a1-IRES-Cre/wt;Oi1(TIT2L-jGCaMP8s-WPRE-ICL-IRES-tTA2)/wt,,,,bfa1d464-8829-48df-a34a-c22203da8570,exponential,2.0,2.25,0.0,0.3,3.5,5.0,0.25,explicit,0.01,0.005,0.15,5.0,10.0,5.0,DoC,change detection,60.0,"Task, Experiment-procedure, Label/change_detection_task",0.15,1.0,,,,,,,,,
multiplane-ophys_788406_2025-06-05_09-20-38_behavior-nwb_2026-07-07_17-34-03,multiplane-ophys_788406_2025-06-05_09-20-38_behavior-nwb_2026-07-07_17-34-03,788406,2025-06-05T09:20:38.218000+00:00,TRAINING_1_gratings,TRAINING_1_gratings,grating,,Mus musculus,M,P138D,Slc32a1-IRES-Cre/wt;Oi1(TIT2L-jGCaMP8s-WPRE-ICL-IRES-tTA2)/wt,,,,0259870e-4dab-4198-9b6f-114b7449079d,exponential,2.0,2.25,0.0,0.3,3.5,5.0,0.25,explicit,0.01,0.005,0.15,5.0,10.0,5.0,DoC,change detection,60.0,"Task, Experiment-procedure, Label/change_detection_task",0.15,1.0,,,,,,,,,
multiplane-ophys_788406_2025-06-06_09-04-24_behavior-nwb_2026-07-07_17-34-12,multiplane-ophys_788406_2025-06-06_09-04-24_behavior-nwb_2026-07-07_17-34-12,788406,2025-06-06T09:04:24.179000+00:00,TRAINING_1_gratings,TRAINING_1_gratings,grating,,Mus musculus,M,P139D,Slc32a1-IRES-Cre/wt;Oi1(TIT2L-jGCaMP8s-WPRE-ICL-IRES-tTA2)/wt,,,,b894caea-fcb4-4ae6-884c-c6c1ff9f73c2,exponential,2.0,2.25,0.0,0.3,3.5,5.0,0.25,explicit,0.01,0.005,0.15,5.0,10.0,5.0,DoC,change detection,60.0,"Task, Experiment-procedure, Label/change_detection_task",0.15,1.0,,,,,,,,,
multiplane-ophys_788406_2025-06-10_08-54-07_behavior-nwb_2026-07-07_17-34-20,multiplane-ophys_788406_2025-06-10_08-54-07_behavior-nwb_2026-07-07_17-34-20,788406,2025-06-10T08:54:06.940000+00:00,TRAINING_1_gratings,TRAINING_1_gratings,grating,,Mus musculus,M,P143D,Slc32a1-IRES-Cre/wt;Oi1(TIT2L-jGCaMP8s-WPRE-ICL-IRES-tTA2)/wt,,,,1a62c235-e280-470e-9d2f-de6d8edc1fa7,exponential,2.0,2.25,0.0,0.3,3.5,5.0,0.25,explicit,0.01,0.005,0.15,5.0,10.0,5.0,DoC,change detection,60.0,"Task, Experiment-procedure, Label/change_detection_task",0.15,1.0,,,,,,,,,
multiplane-ophys_788406_2025-06-11_08-54-38_behavior-nwb_2026-07-07_17-34-30,multiplane-ophys_788406_2025-06-11_08-54-38_behavior-nwb_2026-07-07_17-34-30,788406,2025-06-11T08:54:37.861000+00:00,TRAINING_1_gratings,TRAINING_1_gratings,grating,,Mus musculus,M,P144D,Slc32a1-IRES-Cre/wt;Oi1(TIT2L-jGCaMP8s-WPRE-ICL-IRES-tTA2)/wt,,,,c50459b0-1f14-41ed-999d-06ba46bb30ba,exponential,2.0,2.25,0.0,0.3,3.5,5.0,0.25,explicit,0.01,0.005,0.15,5.0,10.0,5.0,DoC,change detection,60.0,"Task, Experiment-procedure, Label/change_detection_task",0.15,1.0,,,,,,,,,
multiplane-ophys_788406_2025-06-13_09-35-46_behavior-nwb_2026-07-07_17-34-51,multiplane-ophys_788406_2025-06-13_09-35-46_behavior-nwb_2026-07-07_17-34-51,788406,2025-06-13T09:35:46.119000+00:00,TRAINING_1_gratings,TRAINING_1_gratings,grating,,Mus musculus,M,P146D,Slc32a1-IRES-Cre/wt;Oi1(TIT2L-jGCaMP8s-WPRE-ICL-IRES-tTA2)/wt,,,,40bc698a-055a-4404-a167-9747d7c8b70d,exponential,2.0,2.25,0.0,0.3,3.5,5.0,0.25,explicit,0.01,0.005,0.15,5.0,10.0,5.0,DoC,change detection,60.0,"Task, Experiment-procedure, Label/change_detection_task",0.15,1.0,,,,,,,,,
multiplane-ophys_788406_2025-06-14_10-03-45_behavior-nwb_2026-07-07_17-35-10,multiplane-ophys_788406_2025-06-14_10-03-45_behavior-nwb_2026-07-07_17-35-10,788406,2025-06-14T10:03:44.670000+00:00,TRAINING_1_gratings,TRAINING_1_gratings,grating,,Mus musculus,M,P147D,Slc32a1-IRES-Cre/wt;Oi1(TIT2L-jGCaMP8s-WPRE-ICL-IRES-tTA2)/wt,,,,89fa12fe-3d92-43f1-970b-066613a1f94f,exponential,2.0,2.25,0.0,0.3,3.5,5.0,0.25,explicit,0.01,0.005,0.15,5.0,10.0,5.0,DoC,change detection,60.0,"Task, Experiment-procedure, Label/change_detection_task",0.15,1.0,,,,,,,,,
multiplane-ophys_788406_2025-06-17_09-08-48_behavior-nwb_2026-07-07_17-35-32,multiplane-ophys_788406_2025-06-17_09-08-48_behavior-nwb_2026-07-07_17-35-32,788406,2025-06-17T09:08:47.464000+00:00,TRAINING_1_gratings,TRAINING_1_gratings,grating,,Mus musculus,M,P150D,Slc32a1-IRES-Cre/wt;Oi1(TIT2L-jGCaMP8s-WPRE-ICL-IRES-tTA2)/wt,,,,4764f46e-20ad-4fb6-9a11-10d25107674e,exponential,2.0,2.25,0.0,0.3,3.5,5.0,0.25,explicit,0.01,0.005,0.15,5.0,10.0,5.0,DoC,change detection,60.0,"Task, Experiment-procedure, Label/change_detection_task",0.15,1.0,,,,,,,,,
multiplane-ophys_788406_2025-06-18_12-47-45_behavior-nwb_2026-07-07_17-35-55,multiplane-ophys_788406_2025-06-18_12-47-45_behavior-nwb_2026-07-07_17-35-55,788406,2025-06-18T12:47:45.141000+00:00,TRAINING_1_gratings,TRAINING_1_gratings,grating,,Mus musculus,M,P151D,Slc32a1-IRES-Cre/wt;Oi1(TIT2L-jGCaMP8s-WPRE-ICL-IRES-tTA2)/wt,,,,d4ef77bc-9c1c-495f-b40e-44b0816753e6,exponential,2.0,2.25,0.0,0.3,3.5,5.0,0.25,explicit,0.01,0.005,0.15,5.0,10.0,5.0,DoC,change detection,60.0,"Task, Experiment-procedure, Label/change_detection_task",0.15,1.0,,,,,,,,,
multiplane-ophys_788406_2025-06-20_10-38-42_behavior-nwb_2026-07-07_17-36-19,multiplane-ophys_788406_2025-06-20_10-38-42_behavior-nwb_2026-07-07_17-36-19,788406,2025-06-20T10:38:41.954000+00:00,TRAINING_1_gratings,TRAINING_1_gratings,grating,,Mus musculus,M,P153D,Slc32a1-IRES-Cre/wt;Oi1(TIT2L-jGCaMP8s-WPRE-ICL-IRES-tTA2)/wt,,,,9942db1c-74a1-43fe-b086-6ee73a8be17d,exponential,2.0,2.25,0.0,0.3,3.5,5.0,0.25,explicit,0.01,0.005,0.15,5.0,10.0,5.0,DoC,change detection,60.0,"Task, Experiment-procedure, Label/change_detection_task",0.15,1.0,,,,,,,,,
multiplane-ophys_788406_2025-06-25_12-18-34_behavior-nwb_2026-07-07_17-36-57,multiplane-ophys_788406_2025-06-25_12-18-34_behavior-nwb_2026-07-07_17-36-57,788406,2025-06-25T12:18:33.912000+00:00,TRAINING_2_gratings_flashed,TRAINING_2_gratings_flashed,grating,,Mus musculus,M,P158D,Slc32a1-IRES-Cre/wt;Oi1(TIT2L-jGCaMP8s-WPRE-ICL-IRES-tTA2)/wt,,,,82496887-d42a-4d63-b9bf-cd31a9b9089d,geometric,0.3,0.0,0.0,0.3,3.5,5.0,0.25,explicit,0.01,0.005,0.15,5.0,10.0,5.0,DoC,change detection,60.0,"Task, Experiment-procedure, Label/change_detection_task",0.15,0.75,4.0,12.0,0.25,0.5,,,,,
multiplane-ophys_788406_2025-06-26_12-16-41_behavior-nwb_2026-07-07_17-37-23,multiplane-ophys_788406_2025-06-26_12-16-41_behavior-nwb_2026-07-07_17-37-23,788406,2025-06-26T12:16:40.773000+00:00,TRAINING_2_gratings_flashed,TRAINING_2_gratings_flashed,grating,,Mus musculus,M,P159D,Slc32a1-IRES-Cre/wt;Oi1(TIT2L-jGCaMP8s-WPRE-ICL-IRES-tTA2)/wt,,,,25373448-51f0-43c3-8c18-073a013882f8,geometric,0.3,0.0,0.0,0.3,3.5,5.0,0.25,explicit,0.01,0.005,0.15,5.0,10.0,5.0,DoC,change detection,60.0,"Task, Experiment-procedure, Label/change_detection_task",0.15,0.75,4.0,12.0,0.25,0.5,,,,,
multiplane-ophys_788406_2025-07-01_11-50-55_behavior-nwb_2026-07-07_17-38-01,multiplane-ophys_788406_2025-07-01_11-50-55_behavior-nwb_2026-07-07_17-38-01,788406,2025-07-01T11:50:55.190000+00:00,TRAINING_3_images_A_10uL_reward,TRAINING_3_images_A_10uL_reward,images,Natural_Images_Lum_Matched_set_training_2017.07.14,Mus musculus,M,P164D,Slc32a1-IRES-Cre/wt;Oi1(TIT2L-jGCaMP8s-WPRE-ICL-IRES-tTA2)/wt,,,,76db00e3-bc13-46e8-8ecf-7b77e25edb7d,geometric,0.3,0.0,0.0,0.3,3.5,5.0,,implicit,0.01,0.005,0.15,5.0,10.0,5.0,DoC,change detection,60.0,"Task, Experiment-procedure, Label/change_detection_task",0.15,0.75,4.0,12.0,0.25,0.5,,,,,
multiplane-ophys_788406_2025-07-02_12-17-09_behavior-nwb_2026-07-07_17-38-25,multiplane-ophys_788406_2025-07-02_12-17-09_behavior-nwb_2026-07-07_17-38-25,788406,2025-07-02T12:17:09.244000+00:00,TRAINING_3_images_A_10uL_reward,TRAINING_3_images_A_10uL_reward,images,Natural_Images_Lum_Matched_set_training_2017.07.14,Mus musculus,M,P165D,Slc32a1-IRES-Cre/wt;Oi1(TIT2L-jGCaMP8s-WPRE-ICL-IRES-tTA2)/wt,,,,6f0b3a2d-f19d-4822-b268-960443d679ce,geometric,0.3,0.0,0.0,0.3,3.5,5.0,,implicit,0.01,0.005,0.15,5.0,10.0,5.0,DoC,change detection,60.0,"Task, Experiment-procedure, Label/change_detection_task",0.15,0.75,4.0,12.0,0.25,0.5,,,,,
multiplane-ophys_788406_2025-07-03_12-12-35_behavior-nwb_2026-07-07_17-38-49,multiplane-ophys_788406_2025-07-03_12-12-35_behavior-nwb_2026-07-07_17-38-49,788406,2025-07-03T12:12:35.273000+00:00,TRAINING_3_images_A_10uL_reward,TRAINING_3_images_A_10uL_reward,images,Natural_Images_Lum_Matched_set_training_2017.07.14,Mus musculus,M,P166D,Slc32a1-IRES-Cre/wt;Oi1(TIT2L-jGCaMP8s-WPRE-ICL-IRES-tTA2)/wt,,,,c3dd8354-0313-46a3-935a-1047a55b73e9,geometric,0.3,0.0,0.0,0.3,3.5,5.0,,implicit,0.01,0.005,0.15,5.0,10.0,5.0,DoC,change detection,60.0,"Task, Experiment-procedure, Label/change_detection_task",0.15,0.75,4.0,12.0,0.25,0.5,,,,,
multiplane-ophys_788406_2025-07-07_10-32-03_behavior-nwb_2026-07-07_17-39-11,multiplane-ophys_788406_2025-07-07_10-32-03_behavior-nwb_2026-07-07_17-39-11,788406,2025-07-07T10:32:02.780000+00:00,TRAINING_4_images_A_training,TRAINING_4_images_A_training,images,Natural_Images_Lum_Matched_set_training_2017.07.14,Mus musculus,M,P170D,Slc32a1-IRES-Cre/wt;Oi1(TIT2L-jGCaMP8s-WPRE-ICL-IRES-tTA2)/wt,,,,ba54e88d-5e9f-4057-8916-9d603e5ff5b1,geometric,0.3,0.0,0.0,0.3,3.5,5.0,,implicit,0.007,0.005,0.15,5.0,10000.0,5.0,DoC,change detection,60.0,"Task, Experiment-procedure, Label/change_detection_task",0.15,0.75,4.0,12.0,0.25,0.5,,,,,
multiplane-ophys_788406_2025-07-08_10-15-16_behavior-nwb_2026-07-07_17-39-36,multiplane-ophys_788406_2025-07-08_10-15-16_behavior-nwb_2026-07-07_17-39-36,788406,2025-07-08T10:15:15.534000+00:00,TRAINING_5_images_A_epilogue,TRAINING_5_images_A_epilogue,images,Natural_Images_Lum_Matched_set_training_2017.07.14,Mus musculus,M,P171D,Slc32a1-IRES-Cre/wt;Oi1(TIT2L-jGCaMP8s-WPRE-ICL-IRES-tTA2)/wt,,,,1c8fef65-92e5-41af-aa39-0acb40300555,geometric,0.3,0.0,0.0,0.3,3.5,5.0,,implicit,0.007,0.005,0.15,5.0,10000.0,5.0,DoC,change detection,60.0,"Task, Experiment-procedure, Label/change_detection_task",0.15,0.75,4.0,12.0,0.25,0.5,fingerprint,//allen/programs/braintv/workgroups/neuralcoding/Saskia/Visual Stimuli 151207/Movie_TOE1.npy,10.0,0.03333333333333333,
multiplane-ophys_788406_2025-07-10_13-36-01_behavior-nwb_2026-07-07_17-40-02,multiplane-ophys_788406_2025-07-10_13-36-01_behavior-nwb_2026-07-07_17-40-02,788406,2025-07-10T13:36:01.169000+00:00,TRAINING_5_images_A_handoff_ready,TRAINING_5_images_A_handoff_ready,images,Natural_Images_Lum_Matched_set_training_2017.07.14,Mus musculus,M,P173D,Slc32a1-IRES-Cre/wt;Oi1(TIT2L-jGCaMP8s-WPRE-ICL-IRES-tTA2)/wt,,,,5ba5568a-114a-40ee-9e5a-84647d2f7d98,geometric,0.3,0.0,0.0,0.3,3.5,5.0,,implicit,0.007,0.005,0.15,5.0,10000.0,5.0,DoC,change detection,60.0,"Task, Experiment-procedure, Label/change_detection_task",0.15,0.75,4.0,12.0,0.25,0.5,fingerprint,//allen/programs/braintv/workgroups/neuralcoding/Saskia/Visual Stimuli 151207/Movie_TOE1.npy,10.0,0.03333333333333333,
multiplane-ophys_788406_2025-07-11_12-25-37_behavior-nwb_2026-07-07_17-40-26,multiplane-ophys_788406_2025-07-11_12-25-37_behavior-nwb_2026-07-07_17-40-26,788406,2025-07-11T12:25:37.445000+00:00,OPHYS_1_images_A,OPHYS_1_images_A,images,Natural_Images_Lum_Matched_set_training_2017.07.14,Mus musculus,M,P174D,Slc32a1-IRES-Cre/wt;Oi1(TIT2L-jGCaMP8s-WPRE-ICL-IRES-tTA2)/wt,,,,1e752112-06d3-44de-b01c-45342f2e5a4c,geometric,0.3,0.0,0.0,0.3,3.5,5.0,,implicit,0.007,0.005,0.15,5.0,10000.0,5.0,DoC,change detection,60.0,"Task, Experiment-procedure, Label/change_detection_task",0.15,0.75,4.0,12.0,0.25,0.5,fingerprint,//allen/programs/braintv/workgroups/neuralcoding/Saskia/Visual Stimuli 151207/Movie_TOE1.npy,10.0,0.03333333333333333,0.05
multiplane-ophys_788406_2025-07-14_12-20-34_behavior-nwb_2026-07-07_17-41-18,multiplane-ophys_788406_2025-07-14_12-20-34_behavior-nwb_2026-07-07_17-41-18,788406,2025-07-14T12:20:34.401000+00:00,OPHYS_1_images_A,OPHYS_1_images_A,images,Natural_Images_Lum_Matched_set_training_2017.07.14,Mus musculus,M,P177D,Slc32a1-IRES-Cre/wt;Oi1(TIT2L-jGCaMP8s-WPRE-ICL-IRES-tTA2)/wt,,,,a7e3ad57-b28a-453c-b900-b70019c35c58,geometric,0.3,0.0,0.0,0.3,3.5,5.0,,implicit,0.007,0.005,0.15,5.0,10000.0,5.0,DoC,change detection,60.0,"Task, Experiment-procedure, Label/change_detection_task",0.15,0.75,4.0,12.0,0.25,0.5,fingerprint,//allen/programs/braintv/workgroups/neuralcoding/Saskia/Visual Stimuli 151207/Movie_TOE1.npy,10.0,0.03333333333333333,0.05
multiplane-ophys_788406_2025-07-15_10-39-07_behavior-nwb_2026-07-07_17-41-34,multiplane-ophys_788406_2025-07-15_10-39-07_behavior-nwb_2026-07-07_17-41-34,788406,2025-07-15T10:39:07.103000+00:00,OPHYS_4_images_B,OPHYS_4_images_B,images,Natural_Images_Lum_Matched_set_ophys_6_2017.07.14,Mus musculus,M,P178D,Slc32a1-IRES-Cre/wt;Oi1(TIT2L-jGCaMP8s-WPRE-ICL-IRES-tTA2)/wt,,,,f32d3831-27d1-46bf-945e-2848b06f12a5,geometric,0.3,0.0,0.0,0.3,3.5,5.0,,implicit,0.007,0.005,0.15,5.0,10000.0,5.0,DoC,change detection,60.0,"Task, Experiment-procedure, Label/change_detection_task",0.15,0.75,4.0,12.0,0.25,0.5,fingerprint,//allen/programs/braintv/workgroups/neuralcoding/Saskia/Visual Stimuli 151207/Movie_TOE1.npy,10.0,0.03333333333333333,0.05
multiplane-ophys_788406_2025-07-16_12-07-35_behavior-nwb_2026-07-07_17-41-49,multiplane-ophys_788406_2025-07-16_12-07-35_behavior-nwb_2026-07-07_17-41-49,788406,2025-07-16T12:07:35.181000+00:00,OPHYS_4_images_B,OPHYS_4_images_B,images,Natural_Images_Lum_Matched_set_ophys_6_2017.07.14,Mus musculus,M,P179D,Slc32a1-IRES-Cre/wt;Oi1(TIT2L-jGCaMP8s-WPRE-ICL-IRES-tTA2)/wt,,,,e2dfcaa0-2788-4b89-93b1-279ee89da751,geometric,0.3,0.0,0.0,0.3,3.5,5.0,,implicit,0.007,0.005,0.15,5.0,10000.0,5.0,DoC,change detection,60.0,"Task, Experiment-procedure, Label/change_detection_task",0.15,0.75,4.0,12.0,0.25,0.5,fingerprint,//allen/programs/braintv/workgroups/neuralcoding/Saskia/Visual Stimuli 151207/Movie_TOE1.npy,10.0,0.03333333333333333,0.05
multiplane-ophys_788406_2025-07-17_12-43-19_behavior-nwb_2026-07-07_17-42-02,multiplane-ophys_788406_2025-07-17_12-43-19_behavior-nwb_2026-07-07_17-42-02,788406,2025-07-17T12:43:19.027000+00:00,OPHYS_6_images_B,OPHYS_6_images_B,images,Natural_Images_Lum_Matched_set_ophys_6_2017.07.14,Mus musculus,M,P180D,Slc32a1-IRES-Cre/wt;Oi1(TIT2L-jGCaMP8s-WPRE-ICL-IRES-tTA2)/wt,,,,a68ce13b-3cee-43e4-8736-a3ed3d5a389e,geometric,0.3,0.0,0.0,0.3,3.5,5.0,,implicit,0.007,0.005,0.15,5.0,10000.0,5.0,DoC,change detection,60.0,"Task, Experiment-procedure, Label/change_detection_task",0.15,0.75,4.0,12.0,0.25,0.5,fingerprint,//allen/programs/braintv/workgroups/neuralcoding/Saskia/Visual Stimuli 151207/Movie_TOE1.npy,10.0,0.03333333333333333,0.05
multiplane-ophys_788406_2025-07-18_12-17-32_behavior-nwb_2026-07-07_17-42-15,multiplane-ophys_788406_2025-07-18_12-17-32_behavior-nwb_2026-07-07_17-42-15,788406,2025-07-18T12:17:31.868000+00:00,OPHYS_6_images_B,OPHYS_6_images_B,images,Natural_Images_Lum_Matched_set_ophys_6_2017.07.14,Mus musculus,M,P181D,Slc32a1-IRES-Cre/wt;Oi1(TIT2L-jGCaMP8s-WPRE-ICL-IRES-tTA2)/wt,,,,00418e79-8cf1-42c1-a225-ac8222a6e01c,geometric,0.3,0.0,0.0,0.3,3.5,5.0,,implicit,0.007,0.005,0.15,5.0,10000.0,5.0,DoC,change detection,60.0,"Task, Experiment-procedure, Label/change_detection_task",0.15,0.75,4.0,12.0,0.25,0.5,fingerprint,//allen/programs/braintv/workgroups/neuralcoding/Saskia/Visual Stimuli 151207/Movie_TOE1.npy,10.0,0.03333333333333333,0.05
multiplane-ophys_788406_2025-07-21_11-16-45_behavior-nwb_2026-07-07_17-42-27,multiplane-ophys_788406_2025-07-21_11-16-45_behavior-nwb_2026-07-07_17-42-27,788406,2025-07-21T11:16:44.772000+00:00,OPHYS_6_images_B,OPHYS_6_images_B,images,Natural_Images_Lum_Matched_set_ophys_6_2017.07.14,Mus musculus,M,P184D,Slc32a1-IRES-Cre/wt;Oi1(TIT2L-jGCaMP8s-WPRE-ICL-IRES-tTA2)/wt,,,,1b93e9a7-2442-49b7-b6c2-2fe872b167f6,geometric,0.3,0.0,0.0,0.3,3.5,5.0,,implicit,0.007,0.005,0.15,5.0,10000.0,5.0,DoC,change detection,60.0,"Task, Experiment-procedure, Label/change_detection_task",0.15,0.75,4.0,12.0,0.25,0.5,fingerprint,//allen/programs/braintv/workgroups/neuralcoding/Saskia/Visual Stimuli 151207/Movie_TOE1.npy,10.0,0.03333333333333333,0.05
multiplane-ophys_788406_2025-07-22_10-10-36_behavior-nwb_2026-07-07_17-42-42,multiplane-ophys_788406_2025-07-22_10-10-36_behavior-nwb_2026-07-07_17-42-42,788406,2025-07-22T10:10:41.940000+00:00,,STAGE_0,,,Mus musculus,M,,Slc32a1-IRES-Cre/wt;Oi1(TIT2L-jGCaMP8s-WPRE-ICL-IRES-tTA2)/wt,,,,9d514f62-72ab-4071-a4fd-37dc91895ac4,,,,,,,,,,,,,,,,,,,,,,,,,,,,,,
multiplane-ophys_788406_2025-07-23_12-31-02_behavior-nwb_2026-07-07_17-43-11,multiplane-ophys_788406_2025-07-23_12-31-02_behavior-nwb_2026-07-07_17-43-11,788406,2025-07-23T12:31:08.017000+00:00,,STAGE_0,,,Mus musculus,M,,Slc32a1-IRES-Cre/wt;Oi1(TIT2L-jGCaMP8s-WPRE-ICL-IRES-tTA2)/wt,,,,e1e54385-a676-47a6-957e-4680bc957c76,,,,,,,,,,,,,,,,,,,,,,,,,,,,,,
multiplane-ophys_788406_2025-07-25_11-13-57_behavior-nwb_2026-07-07_17-43-40,multiplane-ophys_788406_2025-07-25_11-13-57_behavior-nwb_2026-07-07_17-43-40,788406,2025-07-25T11:14:03.327000+00:00,,STAGE_1,,,Mus musculus,M,,Slc32a1-IRES-Cre/wt;Oi1(TIT2L-jGCaMP8s-WPRE-ICL-IRES-tTA2)/wt,,,,1ac940b5-a128-4c33-a4be-6ab47237cc4c,,,,,,,,,,,,,,,,,,,,,,,,,,,,,,
multiplane-ophys_788406_2025-07-28_12-22-00_behavior-nwb_2026-07-07_17-43-59,multiplane-ophys_788406_2025-07-28_12-22-00_behavior-nwb_2026-07-07_17-43-59,788406,2025-07-28T12:22:05.884000+00:00,,STAGE_1,,,Mus musculus,M,,Slc32a1-IRES-Cre/wt;Oi1(TIT2L-jGCaMP8s-WPRE-ICL-IRES-tTA2)/wt,,,,b6b467c6-d4f8-4595-b665-96833f7f5f43,,,,,,,,,,,,,,,,,,,,,,,,,,,,,,
multiplane-ophys_788406_2025-07-29_10-20-34_behavior-nwb_2026-07-07_17-44-16,multiplane-ophys_788406_2025-07-29_10-20-34_behavior-nwb_2026-07-07_17-44-16,788406,2025-07-29T10:20:39.558000+00:00,,STAGE_1,,,Mus musculus,M,,Slc32a1-IRES-Cre/wt;Oi1(TIT2L-jGCaMP8s-WPRE-ICL-IRES-tTA2)/wt,,,,327018ac-68ac-4dbc-9622-07562db2d6a1,,,,,,,,,,,,,,,,,,,,,,,,,,,,,,
multiplane-ophys_788406_2025-07-30_12-00-51_behavior-nwb_2026-07-07_17-44-33,multiplane-ophys_788406_2025-07-30_12-00-51_behavior-nwb_2026-07-07_17-44-33,788406,2025-07-30T12:00:51.786000+00:00,,CENTER_MOUSEMOTION,,,Mus musculus,M,,Slc32a1-IRES-Cre/wt;Oi1(TIT2L-jGCaMP8s-WPRE-ICL-IRES-tTA2)/wt,,,,8c603866-def0-44f1-8318-96ac8556ef33,,,,,,,,,,,,,,,,,,,,,,,,,,,,,,
multiplane-ophys_790322_2025-06-11_15-09-29_behavior-nwb_2026-07-07_17-34-37,multiplane-ophys_790322_2025-06-11_15-09-29_behavior-nwb_2026-07-07_17-34-37,790322,2025-06-11T15:09:28.880000+00:00,TRAINING_0_gratings_autorewards_15min,TRAINING_0_gratings_autorewards_15min,grating,,Mus musculus,M,P131D,Slc32a1-IRES-Cre/wt;Oi1(TIT2L-jGCaMP8s-WPRE-ICL-IRES-tTA2)/wt,,,,be54c061-88ff-465c-9e89-a8b7c53a53c2,exponential,2.0,2.25,0.0,0.3,3.5,0.0,0.0,explicit,0.0,0.005,0.15,5.0,10.0,-1.0,DoC,change detection,15.0,"Task, Experiment-procedure, Label/change_detection_task",0.0,0.0,,,,,,,,,
multiplane-ophys_790322_2025-06-12_15-23-11_behavior-nwb_2026-07-07_17-34-41,multiplane-ophys_790322_2025-06-12_15-23-11_behavior-nwb_2026-07-07_17-34-41,790322,2025-06-12T15:23:10.471000+00:00,TRAINING_1_gratings,TRAINING_1_gratings,grating,,Mus musculus,M,P132D,Slc32a1-IRES-Cre/wt;Oi1(TIT2L-jGCaMP8s-WPRE-ICL-IRES-tTA2)/wt,,,,b1ccadec-49bb-4faf-ba54-ab5e45a5328b,exponential,2.0,2.25,0.0,0.3,3.5,5.0,0.25,explicit,0.01,0.005,0.15,5.0,10.0,5.0,DoC,change detection,60.0,"Task, Experiment-procedure, Label/change_detection_task",0.15,1.0,,,,,,,,,
multiplane-ophys_790322_2025-06-13_14-57-49_behavior-nwb_2026-07-07_17-35-01,multiplane-ophys_790322_2025-06-13_14-57-49_behavior-nwb_2026-07-07_17-35-01,790322,2025-06-13T14:57:48.691000+00:00,TRAINING_1_gratings,TRAINING_1_gratings,grating,,Mus musculus,M,P133D,Slc32a1-IRES-Cre/wt;Oi1(TIT2L-jGCaMP8s-WPRE-ICL-IRES-tTA2)/wt,,,,22275dd5-05b2-47e1-94c1-5ca0811243ea,exponential,2.0,2.25,0.0,0.3,3.5,5.0,0.25,explicit,0.01,0.005,0.15,5.0,10.0,5.0,DoC,change detection,60.0,"Task, Experiment-procedure, Label/change_detection_task",0.15,1.0,,,,,,,,,
multiplane-ophys_790322_2025-06-16_12-24-56_behavior-nwb_2026-07-07_17-35-20,multiplane-ophys_790322_2025-06-16_12-24-56_behavior-nwb_2026-07-07_17-35-20,790322,2025-06-16T12:24:55.850000+00:00,TRAINING_1_gratings,TRAINING_1_gratings,grating,,Mus musculus,M,P136D,Slc32a1-IRES-Cre/wt;Oi1(TIT2L-jGCaMP8s-WPRE-ICL-IRES-tTA2)/wt,,,,48c491df-e94a-44b8-a3aa-7882aad90fa7,exponential,2.0,2.25,0.0,0.3,3.5,5.0,0.25,explicit,0.01,0.005,0.15,5.0,10.0,5.0,DoC,change detection,60.0,"Task, Experiment-procedure, Label/change_detection_task",0.15,1.0,,,,,,,,,
multiplane-ophys_790322_2025-06-17_15-44-27_behavior-nwb_2026-07-07_17-35-42,multiplane-ophys_790322_2025-06-17_15-44-27_behavior-nwb_2026-07-07_17-35-42,790322,2025-06-17T15:44:26.466000+00:00,TRAINING_2_gratings_flashed,TRAINING_2_gratings_flashed,grating,,Mus musculus,M,P137D,Slc32a1-IRES-Cre/wt;Oi1(TIT2L-jGCaMP8s-WPRE-ICL-IRES-tTA2)/wt,,,,4f0d01ca-a3a4-4086-a3dd-4d61053fc8ae,geometric,0.3,0.0,0.0,0.3,3.5,5.0,0.25,explicit,0.01,0.005,0.15,5.0,10.0,5.0,DoC,change detection,60.0,"Task, Experiment-procedure, Label/change_detection_task",0.15,0.75,4.0,12.0,0.25,0.5,,,,,
multiplane-ophys_790322_2025-06-18_14-34-44_behavior-nwb_2026-07-07_17-36-05,multiplane-ophys_790322_2025-06-18_14-34-44_behavior-nwb_2026-07-07_17-36-05,790322,2025-06-18T14:34:43.681000+00:00,TRAINING_2_gratings_flashed,TRAINING_2_gratings_flashed,grating,,Mus musculus,M,P138D,Slc32a1-IRES-Cre/wt;Oi1(TIT2L-jGCaMP8s-WPRE-ICL-IRES-tTA2)/wt,,,,079a2840-b272-4d95-8728-cca6b778f8e8,geometric,0.3,0.0,0.0,0.3,3.5,5.0,0.25,explicit,0.01,0.005,0.15,5.0,10.0,5.0,DoC,change detection,60.0,"Task, Experiment-procedure, Label/change_detection_task",0.15,0.75,4.0,12.0,0.25,0.5,,,,,
multiplane-ophys_790322_2025-06-23_12-18-18_behavior-nwb_2026-07-07_17-36-29,multiplane-ophys_790322_2025-06-23_12-18-18_behavior-nwb_2026-07-07_17-36-29,790322,2025-06-23T12:18:18.387000+00:00,TRAINING_3_images_A_10uL_reward,TRAINING_3_images_A_10uL_reward,images,Natural_Images_Lum_Matched_set_training_2017.07.14,Mus musculus,M,P143D,Slc32a1-IRES-Cre/wt;Oi1(TIT2L-jGCaMP8s-WPRE-ICL-IRES-tTA2)/wt,,,,d55d971c-9829-4910-8b6f-e89a7f0e934c,geometric,0.3,0.0,0.0,0.3,3.5,5.0,,implicit,0.01,0.005,0.15,5.0,10.0,5.0,DoC,change detection,60.0,"Task, Experiment-procedure, Label/change_detection_task",0.15,0.75,4.0,12.0,0.25,0.5,,,,,
multiplane-ophys_790322_2025-06-24_12-14-55_behavior-nwb_2026-07-07_17-36-43,multiplane-ophys_790322_2025-06-24_12-14-55_behavior-nwb_2026-07-07_17-36-43,790322,2025-06-24T12:14:54.961000+00:00,TRAINING_3_images_A_10uL_reward,TRAINING_3_images_A_10uL_reward,images,Natural_Images_Lum_Matched_set_training_2017.07.14,Mus musculus,M,P144D,Slc32a1-IRES-Cre/wt;Oi1(TIT2L-jGCaMP8s-WPRE-ICL-IRES-tTA2)/wt,,,,078cfd57-dc8c-4ccc-a9a7-8f61e9ec6e41,geometric,0.3,0.0,0.0,0.3,3.5,5.0,,implicit,0.01,0.005,0.15,5.0,10.0,5.0,DoC,change detection,60.0,"Task, Experiment-procedure, Label/change_detection_task",0.15,0.75,4.0,12.0,0.25,0.5,,,,,
multiplane-ophys_790322_2025-06-25_14-02-09_behavior-nwb_2026-07-07_17-37-09,multiplane-ophys_790322_2025-06-25_14-02-09_behavior-nwb_2026-07-07_17-37-09,790322,2025-06-25T14:02:08.986000+00:00,TRAINING_3_images_A_10uL_reward,TRAINING_3_images_A_10uL_reward,images,Natural_Images_Lum_Matched_set_training_2017.07.14,Mus musculus,M,P145D,Slc32a1-IRES-Cre/wt;Oi1(TIT2L-jGCaMP8s-WPRE-ICL-IRES-tTA2)/wt,,,,329e981e-1b08-4853-966a-363064e20443,geometric,0.3,0.0,0.0,0.3,3.5,5.0,,implicit,0.01,0.005,0.15,5.0,10.0,5.0,DoC,change detection,60.0,"Task, Experiment-procedure, Label/change_detection_task",0.15,0.75,4.0,12.0,0.25,0.5,,,,,
multiplane-ophys_790322_2025-06-26_14-34-26_behavior-nwb_2026-07-07_17-37-34,multiplane-ophys_790322_2025-06-26_14-34-26_behavior-nwb_2026-07-07_17-37-34,790322,2025-06-26T14:34:25.650000+00:00,TRAINING_4_images_A_training,TRAINING_4_images_A_training,images,Natural_Images_Lum_Matched_set_training_2017.07.14,Mus musculus,M,P146D,Slc32a1-IRES-Cre/wt;Oi1(TIT2L-jGCaMP8s-WPRE-ICL-IRES-tTA2)/wt,,,,3a5c030c-9a6e-49b8-b290-fcb02e408bda,geometric,0.3,0.0,0.0,0.3,3.5,5.0,,implicit,0.007,0.005,0.15,5.0,10000.0,5.0,DoC,change detection,60.0,"Task, Experiment-procedure, Label/change_detection_task",0.15,0.75,4.0,12.0,0.25,0.5,,,,,
multiplane-ophys_790322_2025-06-30_11-27-24_behavior-nwb_2026-07-07_17-37-47,multiplane-ophys_790322_2025-06-30_11-27-24_behavior-nwb_2026-07-07_17-37-47,790322,2025-06-30T11:27:23.696000+00:00,TRAINING_5_images_A_epilogue,TRAINING_5_images_A_epilogue,images,Natural_Images_Lum_Matched_set_training_2017.07.14,Mus musculus,M,P150D,Slc32a1-IRES-Cre/wt;Oi1(TIT2L-jGCaMP8s-WPRE-ICL-IRES-tTA2)/wt,,,,827d49ad-2f50-4952-b92c-caa1557f8539,geometric,0.3,0.0,0.0,0.3,3.5,5.0,,implicit,0.007,0.005,0.15,5.0,10000.0,5.0,DoC,change detection,60.0,"Task, Experiment-procedure, Label/change_detection_task",0.15,0.75,4.0,12.0,0.25,0.5,fingerprint,//allen/programs/braintv/workgroups/neuralcoding/Saskia/Visual Stimuli 151207/Movie_TOE1.npy,10.0,0.03333333333333333,
multiplane-ophys_790322_2025-07-01_13-35-26_behavior-nwb_2026-07-07_17-38-11,multiplane-ophys_790322_2025-07-01_13-35-26_behavior-nwb_2026-07-07_17-38-11,790322,2025-07-01T13:35:25.711000+00:00,TRAINING_5_images_A_handoff_ready,TRAINING_5_images_A_handoff_ready,images,Natural_Images_Lum_Matched_set_training_2017.07.14,Mus musculus,M,P151D,Slc32a1-IRES-Cre/wt;Oi1(TIT2L-jGCaMP8s-WPRE-ICL-IRES-tTA2)/wt,,,,82445f47-0504-4e33-8432-95c55077af27,geometric,0.3,0.0,0.0,0.3,3.5,5.0,,implicit,0.007,0.005,0.15,5.0,10000.0,5.0,DoC,change detection,60.0,"Task, Experiment-procedure, Label/change_detection_task",0.15,0.75,4.0,12.0,0.25,0.5,fingerprint,//allen/programs/braintv/workgroups/neuralcoding/Saskia/Visual Stimuli 151207/Movie_TOE1.npy,10.0,0.03333333333333333,
multiplane-ophys_790322_2025-07-02_14-00-54_behavior-nwb_2026-07-07_17-38-36,multiplane-ophys_790322_2025-07-02_14-00-54_behavior-nwb_2026-07-07_17-38-36,790322,2025-07-02T14:00:54.418000+00:00,OPHYS_1_images_A,OPHYS_1_images_A,images,Natural_Images_Lum_Matched_set_training_2017.07.14,Mus musculus,M,P152D,Slc32a1-IRES-Cre/wt;Oi1(TIT2L-jGCaMP8s-WPRE-ICL-IRES-tTA2)/wt,,,,8182ffff-5e3a-4dda-899a-a5b9724f15b8,geometric,0.3,0.0,0.0,0.3,3.5,5.0,,implicit,0.007,0.005,0.15,5.0,10000.0,5.0,DoC,change detection,60.0,"Task, Experiment-procedure, Label/change_detection_task",0.15,0.75,4.0,12.0,0.25,0.5,fingerprint,//allen/programs/braintv/workgroups/neuralcoding/Saskia/Visual Stimuli 151207/Movie_TOE1.npy,10.0,0.03333333333333333,0.05
multiplane-ophys_790322_2025-07-03_14-03-48_behavior-nwb_2026-07-07_17-38-59,multiplane-ophys_790322_2025-07-03_14-03-48_behavior-nwb_2026-07-07_17-38-59,790322,2025-07-03T14:03:48.404000+00:00,OPHYS_1_images_A,OPHYS_1_images_A,images,Natural_Images_Lum_Matched_set_training_2017.07.14,Mus musculus,M,P153D,Slc32a1-IRES-Cre/wt;Oi1(TIT2L-jGCaMP8s-WPRE-ICL-IRES-tTA2)/wt,,,,ce3c9c43-879c-4297-aa0b-7fa350ca216d,geometric,0.3,0.0,0.0,0.3,3.5,5.0,,implicit,0.007,0.005,0.15,5.0,10000.0,5.0,DoC,change detection,60.0,"Task, Experiment-procedure, Label/change_detection_task",0.15,0.75,4.0,12.0,0.25,0.5,fingerprint,//allen/programs/braintv/workgroups/neuralcoding/Saskia/Visual Stimuli 151207/Movie_TOE1.npy,10.0,0.03333333333333333,0.05
multiplane-ophys_790322_2025-07-07_12-19-54_behavior-nwb_2026-07-07_17-39-22,multiplane-ophys_790322_2025-07-07_12-19-54_behavior-nwb_2026-07-07_17-39-22,790322,2025-07-07T12:19:53.486000+00:00,OPHYS_4_images_B,OPHYS_4_images_B,images,Natural_Images_Lum_Matched_set_ophys_6_2017.07.14,Mus musculus,M,P157D,Slc32a1-IRES-Cre/wt;Oi1(TIT2L-jGCaMP8s-WPRE-ICL-IRES-tTA2)/wt,,,,9827838e-ea13-4e91-8186-aa58071349b5,geometric,0.3,0.0,0.0,0.3,3.5,5.0,,implicit,0.007,0.005,0.15,5.0,10000.0,5.0,DoC,change detection,60.0,"Task, Experiment-procedure, Label/change_detection_task",0.15,0.75,4.0,12.0,0.25,0.5,fingerprint,//allen/programs/braintv/workgroups/neuralcoding/Saskia/Visual Stimuli 151207/Movie_TOE1.npy,10.0,0.03333333333333333,0.05
multiplane-ophys_790322_2025-07-08_12-35-46_behavior-nwb_2026-07-07_17-39-48,multiplane-ophys_790322_2025-07-08_12-35-46_behavior-nwb_2026-07-07_17-39-48,790322,2025-07-08T12:35:45.787000+00:00,OPHYS_4_images_B,OPHYS_4_images_B,images,Natural_Images_Lum_Matched_set_ophys_6_2017.07.14,Mus musculus,M,P158D,Slc32a1-IRES-Cre/wt;Oi1(TIT2L-jGCaMP8s-WPRE-ICL-IRES-tTA2)/wt,,,,4d4dd7fb-29c4-47ec-9423-b101adf14ade,geometric,0.3,0.0,0.0,0.3,3.5,5.0,,implicit,0.007,0.005,0.15,5.0,10000.0,5.0,DoC,change detection,60.0,"Task, Experiment-procedure, Label/change_detection_task",0.15,0.75,4.0,12.0,0.25,0.5,fingerprint,//allen/programs/braintv/workgroups/neuralcoding/Saskia/Visual Stimuli 151207/Movie_TOE1.npy,10.0,0.03333333333333333,0.05
multiplane-ophys_790322_2025-07-10_15-25-55_behavior-nwb_2026-07-07_17-40-15,multiplane-ophys_790322_2025-07-10_15-25-55_behavior-nwb_2026-07-07_17-40-15,790322,2025-07-10T15:25:54.854000+00:00,OPHYS_6_images_B,OPHYS_6_images_B,images,Natural_Images_Lum_Matched_set_ophys_6_2017.07.14,Mus musculus,M,P160D,Slc32a1-IRES-Cre/wt;Oi1(TIT2L-jGCaMP8s-WPRE-ICL-IRES-tTA2)/wt,,,,209dc2e8-1481-494e-9e2c-3ea16618210a,geometric,0.3,0.0,0.0,0.3,3.5,5.0,,implicit,0.007,0.005,0.15,5.0,10000.0,5.0,DoC,change detection,60.0,"Task, Experiment-procedure, Label/change_detection_task",0.15,0.75,4.0,12.0,0.25,0.5,fingerprint,//allen/programs/braintv/workgroups/neuralcoding/Saskia/Visual Stimuli 151207/Movie_TOE1.npy,10.0,0.03333333333333333,0.05
multiplane-ophys_790322_2025-07-11_14-33-34_behavior-nwb_2026-07-07_17-40-40,multiplane-ophys_790322_2025-07-11_14-33-34_behavior-nwb_2026-07-07_17-40-40,790322,2025-07-11T14:33:33.885000+00:00,OPHYS_6_images_B,OPHYS_6_images_B,images,Natural_Images_Lum_Matched_set_ophys_6_2017.07.14,Mus musculus,M,P161D,Slc32a1-IRES-Cre/wt;Oi1(TIT2L-jGCaMP8s-WPRE-ICL-IRES-tTA2)/wt,,,,ccd12708-64e6-4d0b-ac7f-1923803b4d7b,geometric,0.3,0.0,0.0,0.3,3.5,5.0,,implicit,0.007,0.005,0.15,5.0,10000.0,5.0,DoC,change detection,60.0,"Task, Experiment-procedure, Label/change_detection_task",0.15,0.75,4.0,12.0,0.25,0.5,fingerprint,//allen/programs/braintv/workgroups/neuralcoding/Saskia/Visual Stimuli 151207/Movie_TOE1.npy,10.0,0.03333333333333333,0.05
multiplane-ophys_790322_2025-07-12_10-41-51_behavior-nwb_2026-07-07_17-40-56,multiplane-ophys_790322_2025-07-12_10-41-51_behavior-nwb_2026-07-07_17-40-56,790322,2025-07-12T10:41:56.979000+00:00,,STAGE_0,,,Mus musculus,M,,Slc32a1-IRES-Cre/wt;Oi1(TIT2L-jGCaMP8s-WPRE-ICL-IRES-tTA2)/wt,,,,15a6d77d-5d00-46ae-95f3-2a619e94b84b,,,,,,,,,,,,,,,,,,,,,,,,,,,,,,
multiplane-ophys_790322_2025-08-02_12-29-52_behavior-nwb_2026-07-07_17-44-59,multiplane-ophys_790322_2025-08-02_12-29-52_behavior-nwb_2026-07-07_17-44-59,790322,2025-08-02T12:29:57.536000+00:00,,STAGE_1,,,Mus musculus,M,,Slc32a1-IRES-Cre/wt;Oi1(TIT2L-jGCaMP8s-WPRE-ICL-IRES-tTA2)/wt,,,,57a9efc4-cbb4-4d70-9574-4eb4b5b583f9,,,,,,,,,,,,,,,,,,,,,,,,,,,,,,
multiplane-ophys_790322_2025-08-05_08-54-42_behavior-nwb_2026-07-07_17-45-15,multiplane-ophys_790322_2025-08-05_08-54-42_behavior-nwb_2026-07-07_17-45-15,790322,2025-08-05T08:54:48.076000+00:00,,STAGE_1,,,Mus musculus,M,,Slc32a1-IRES-Cre/wt;Oi1(TIT2L-jGCaMP8s-WPRE-ICL-IRES-tTA2)/wt,,,,891d3bc1-5249-4499-bc0a-c228b637b2cb,,,,,,,,,,,,,,,,,,,,,,,,,,,,,,
multiplane-ophys_790322_2025-08-06_09-43-14_behavior-nwb_2026-07-07_17-45-33,multiplane-ophys_790322_2025-08-06_09-43-14_behavior-nwb_2026-07-07_17-45-33,790322,2025-08-06T09:43:20.393000+00:00,,STAGE_1,,,Mus musculus,M,,Slc32a1-IRES-Cre/wt;Oi1(TIT2L-jGCaMP8s-WPRE-ICL-IRES-tTA2)/wt,,,,cba5bd12-f49d-47fc-ad7f-00236d220e35,,,,,,,,,,,,,,,,,,,,,,,,,,,,,,
multiplane-ophys_790322_2025-08-07_10-13-27_behavior-nwb_2026-07-07_17-45-38,multiplane-ophys_790322_2025-08-07_10-13-27_behavior-nwb_2026-07-07_17-45-38,790322,2025-08-07T10:13:28.478000+00:00,,CENTER_MOUSEMOTION,,,Mus musculus,M,,Slc32a1-IRES-Cre/wt;Oi1(TIT2L-jGCaMP8s-WPRE-ICL-IRES-tTA2)/wt,,,,febb6d34-8374-42f1-94ce-4784c339fdcf,,,,,,,,,,,,,,,,,,,,,,,,,,,,,,
multiplane-ophys_790322_2025-08-13_10-27-05_behavior-nwb_2026-07-07_17-47-39,multiplane-ophys_790322_2025-08-13_10-27-05_behavior-nwb_2026-07-07_17-47-39,790322,2025-08-13T10:27:04.830000+00:00,TRAINING_0_gratings_autorewards_15min,TRAINING_0_gratings_autorewards_15min,grating,,Mus musculus,M,P194D,Slc32a1-IRES-Cre/wt;Oi1(TIT2L-jGCaMP8s-WPRE-ICL-IRES-tTA2)/wt,,,,e675209b-b1f2-401f-b257-1020544cac5f,exponential,2.0,2.25,0.0,0.3,3.5,0.0,0.0,explicit,0.0,0.005,0.15,5.0,10.0,-1.0,DoC,change detection,15.0,"Task, Experiment-procedure, Label/change_detection_task",0.0,0.0,,,,,,,,,
multiplane-ophys_790322_2025-08-21_09-55-07_behavior-nwb_2026-07-07_17-50-56,multiplane-ophys_790322_2025-08-21_09-55-07_behavior-nwb_2026-07-07_17-50-56,790322,2025-08-21T09:55:13.186000+00:00,,STAGE_1,,,Mus musculus,M,,Slc32a1-IRES-Cre/wt;Oi1(TIT2L-jGCaMP8s-WPRE-ICL-IRES-tTA2)/wt,,,,ff12ae8e-b3ca-4c07-84a0-8dd4f0c2cf15,,,,,,,,,,,,,,,,,,,,,,,,,,,,,,
multiplane-ophys_800792_2025-07-22_12-20-40_behavior-nwb_2026-07-07_17-43-03,multiplane-ophys_800792_2025-07-22_12-20-40_behavior-nwb_2026-07-07_17-43-03,800792,2025-07-22T12:20:40.007000+00:00,TRAINING_0_gratings_autorewards_15min,TRAINING_0_gratings_autorewards_15min,grating,,Mus musculus,F,P107D,Slc32a1-IRES-Cre/wt;Oi1(TIT2L-jGCaMP8s-WPRE-ICL-IRES-tTA2)/wt,,,,b7c0ffd8-73a6-4805-b19a-8f47ca263eea,exponential,2.0,2.25,0.0,0.3,3.5,0.0,0.0,explicit,0.0,0.005,0.15,5.0,10.0,-1.0,DoC,change detection,15.0,"Task, Experiment-procedure, Label/change_detection_task",0.0,0.0,,,,,,,,,
multiplane-ophys_800792_2025-07-23_14-42-38_behavior-nwb_2026-07-07_17-43-32,multiplane-ophys_800792_2025-07-23_14-42-38_behavior-nwb_2026-07-07_17-43-32,800792,2025-07-23T14:42:38.334000+00:00,TRAINING_1_gratings,TRAINING_1_gratings,grating,,Mus musculus,F,P108D,Slc32a1-IRES-Cre/wt;Oi1(TIT2L-jGCaMP8s-WPRE-ICL-IRES-tTA2)/wt,,,,3159a9bf-dfe3-4762-a2f1-25c70fcee192,exponential,2.0,2.25,0.0,0.3,3.5,5.0,0.25,explicit,0.01,0.005,0.15,5.0,10.0,5.0,DoC,change detection,60.0,"Task, Experiment-procedure, Label/change_detection_task",0.15,1.0,,,,,,,,,
multiplane-ophys_800792_2025-07-25_13-02-10_behavior-nwb_2026-07-07_17-43-45,multiplane-ophys_800792_2025-07-25_13-02-10_behavior-nwb_2026-07-07_17-43-45,800792,2025-07-25T13:02:09.911000+00:00,TRAINING_1_gratings,TRAINING_1_gratings,grating,,Mus musculus,F,P110D,Slc32a1-IRES-Cre/wt;Oi1(TIT2L-jGCaMP8s-WPRE-ICL-IRES-tTA2)/wt,,,,ed283c15-bd95-4168-b9db-1c4adbbcd736,exponential,2.0,2.25,0.0,0.3,3.5,5.0,0.25,explicit,0.01,0.005,0.15,5.0,10.0,5.0,DoC,change detection,60.0,"Task, Experiment-procedure, Label/change_detection_task",0.15,1.0,,,,,,,,,
multiplane-ophys_800792_2025-07-28_14-16-53_behavior-nwb_2026-07-07_17-44-04,multiplane-ophys_800792_2025-07-28_14-16-53_behavior-nwb_2026-07-07_17-44-04,800792,2025-07-28T14:16:53.304000+00:00,TRAINING_1_gratings,TRAINING_1_gratings,grating,,Mus musculus,F,P113D,Slc32a1-IRES-Cre/wt;Oi1(TIT2L-jGCaMP8s-WPRE-ICL-IRES-tTA2)/wt,,,,852d40ca-0cd2-4227-8ff7-504e30de49cf,exponential,2.0,2.25,0.0,0.3,3.5,5.0,0.25,explicit,0.01,0.005,0.15,5.0,10.0,5.0,DoC,change detection,60.0,"Task, Experiment-procedure, Label/change_detection_task",0.15,1.0,,,,,,,,,
multiplane-ophys_800792_2025-07-29_12-31-47_behavior-nwb_2026-07-07_17-44-21,multiplane-ophys_800792_2025-07-29_12-31-47_behavior-nwb_2026-07-07_17-44-21,800792,2025-07-29T12:31:47.396000+00:00,TRAINING_1_gratings,TRAINING_1_gratings,grating,,Mus musculus,F,P114D,Slc32a1-IRES-Cre/wt;Oi1(TIT2L-jGCaMP8s-WPRE-ICL-IRES-tTA2)/wt,,,,22030cf2-a144-4333-8dd7-e422d9256e16,exponential,2.0,2.25,0.0,0.3,3.5,5.0,0.25,explicit,0.01,0.005,0.15,5.0,10.0,5.0,DoC,change detection,60.0,"Task, Experiment-procedure, Label/change_detection_task",0.15,1.0,,,,,,,,,
multiplane-ophys_800792_2025-07-30_13-59-33_behavior-nwb_2026-07-07_17-44-38,multiplane-ophys_800792_2025-07-30_13-59-33_behavior-nwb_2026-07-07_17-44-38,800792,2025-07-30T13:59:33.210000+00:00,TRAINING_2_gratings_flashed,TRAINING_2_gratings_flashed,grating,,Mus musculus,F,P115D,Slc32a1-IRES-Cre/wt;Oi1(TIT2L-jGCaMP8s-WPRE-ICL-IRES-tTA2)/wt,,,,563e9ee9-492e-400e-ae51-69b533d7ceea,geometric,0.3,0.0,0.0,0.3,3.5,5.0,0.25,explicit,0.01,0.005,0.15,5.0,10.0,5.0,DoC,change detection,60.0,"Task, Experiment-procedure, Label/change_detection_task",0.15,0.75,4.0,12.0,0.25,0.5,,,,,
multiplane-ophys_800792_2025-07-31_12-37-11_behavior-nwb_2026-07-07_17-44-49,multiplane-ophys_800792_2025-07-31_12-37-11_behavior-nwb_2026-07-07_17-44-49,800792,2025-07-31T12:37:11.196000+00:00,TRAINING_2_gratings_flashed,TRAINING_2_gratings_flashed,grating,,Mus musculus,F,P116D,Slc32a1-IRES-Cre/wt;Oi1(TIT2L-jGCaMP8s-WPRE-ICL-IRES-tTA2)/wt,,,,432d970f-60d6-4dbd-9f2b-8a18a69ddb53,geometric,0.3,0.0,0.0,0.3,3.5,5.0,0.25,explicit,0.01,0.005,0.15,5.0,10.0,5.0,DoC,change detection,60.0,"Task, Experiment-procedure, Label/change_detection_task",0.15,0.75,4.0,12.0,0.25,0.5,,,,,
multiplane-ophys_800792_2025-08-04_11-43-33_behavior-nwb_2026-07-07_17-45-04,multiplane-ophys_800792_2025-08-04_11-43-33_behavior-nwb_2026-07-07_17-45-04,800792,2025-08-04T11:43:33.056000+00:00,TRAINING_3_images_A_10uL_reward,TRAINING_3_images_A_10uL_reward,images,Natural_Images_Lum_Matched_set_training_2017.07.14,Mus musculus,F,P120D,Slc32a1-IRES-Cre/wt;Oi1(TIT2L-jGCaMP8s-WPRE-ICL-IRES-tTA2)/wt,,,,3509a7a9-5e57-4dba-8863-6b9bffbc567c,geometric,0.3,0.0,0.0,0.3,3.5,5.0,,implicit,0.01,0.005,0.15,5.0,10.0,5.0,DoC,change detection,60.0,"Task, Experiment-procedure, Label/change_detection_task",0.15,0.75,4.0,12.0,0.25,0.5,,,,,
multiplane-ophys_800792_2025-08-05_11-15-02_behavior-nwb_2026-07-07_17-45-20,multiplane-ophys_800792_2025-08-05_11-15-02_behavior-nwb_2026-07-07_17-45-20,800792,2025-08-05T11:15:01.961000+00:00,TRAINING_3_images_A_10uL_reward,TRAINING_3_images_A_10uL_reward,images,Natural_Images_Lum_Matched_set_training_2017.07.14,Mus musculus,F,P121D,Slc32a1-IRES-Cre/wt;Oi1(TIT2L-jGCaMP8s-WPRE-ICL-IRES-tTA2)/wt,,,,5f0e85ae-4d17-41b6-a171-3522f8c6421b,geometric,0.3,0.0,0.0,0.3,3.5,5.0,,implicit,0.01,0.005,0.15,5.0,10.0,5.0,DoC,change detection,60.0,"Task, Experiment-procedure, Label/change_detection_task",0.15,0.75,4.0,12.0,0.25,0.5,,,,,
multiplane-ophys_800792_2025-08-07_14-21-47_behavior-nwb_2026-07-07_17-45-51,multiplane-ophys_800792_2025-08-07_14-21-47_behavior-nwb_2026-07-07_17-45-51,800792,2025-08-07T14:21:47.164000+00:00,TRAINING_3_images_A_10uL_reward,TRAINING_3_images_A_10uL_reward,images,Natural_Images_Lum_Matched_set_training_2017.07.14,Mus musculus,F,P123D,Slc32a1-IRES-Cre/wt;Oi1(TIT2L-jGCaMP8s-WPRE-ICL-IRES-tTA2)/wt,,,,5b4dfa93-1774-48a4-884e-31b1b323364c,geometric,0.3,0.0,0.0,0.3,3.5,5.0,,implicit,0.01,0.005,0.15,5.0,10.0,5.0,DoC,change detection,60.0,"Task, Experiment-procedure, Label/change_detection_task",0.15,0.75,4.0,12.0,0.25,0.5,,,,,
multiplane-ophys_800792_2025-08-08_14-53-57_behavior-nwb_2026-07-07_17-46-16,multiplane-ophys_800792_2025-08-08_14-53-57_behavior-nwb_2026-07-07_17-46-16,800792,2025-08-08T14:53:57.382000+00:00,TRAINING_3_images_A_10uL_reward,TRAINING_3_images_A_10uL_reward,images,Natural_Images_Lum_Matched_set_training_2017.07.14,Mus musculus,F,P124D,Slc32a1-IRES-Cre/wt;Oi1(TIT2L-jGCaMP8s-WPRE-ICL-IRES-tTA2)/wt,,,,4b85b025-2a33-4bc2-a16d-e1c4eaade861,geometric,0.3,0.0,0.0,0.3,3.5,5.0,,implicit,0.01,0.005,0.15,5.0,10.0,5.0,DoC,change detection,60.0,"Task, Experiment-procedure, Label/change_detection_task",0.15,0.75,4.0,12.0,0.25,0.5,,,,,
multiplane-ophys_800792_2025-08-11_12-59-01_behavior-nwb_2026-07-07_17-46-45,multiplane-ophys_800792_2025-08-11_12-59-01_behavior-nwb_2026-07-07_17-46-45,800792,2025-08-11T12:59:01.173000+00:00,TRAINING_4_images_A_training,TRAINING_4_images_A_training,images,Natural_Images_Lum_Matched_set_training_2017.07.14,Mus musculus,F,P127D,Slc32a1-IRES-Cre/wt;Oi1(TIT2L-jGCaMP8s-WPRE-ICL-IRES-tTA2)/wt,,,,cd83b1fa-fe86-4244-b101-eca81b52f506,geometric,0.3,0.0,0.0,0.3,3.5,5.0,,implicit,0.007,0.005,0.15,5.0,10000.0,5.0,DoC,change detection,60.0,"Task, Experiment-procedure, Label/change_detection_task",0.15,0.75,4.0,12.0,0.25,0.5,,,,,
multiplane-ophys_800792_2025-08-12_12-34-34_behavior-nwb_2026-07-07_17-47-12,multiplane-ophys_800792_2025-08-12_12-34-34_behavior-nwb_2026-07-07_17-47-12,800792,2025-08-12T12:34:34.204000+00:00,TRAINING_5_images_A_epilogue,TRAINING_5_images_A_epilogue,images,Natural_Images_Lum_Matched_set_training_2017.07.14,Mus musculus,F,P128D,Slc32a1-IRES-Cre/wt;Oi1(TIT2L-jGCaMP8s-WPRE-ICL-IRES-tTA2)/wt,,,,c322abb8-208c-48ca-9fb2-86955c98b576,geometric,0.3,0.0,0.0,0.3,3.5,5.0,,implicit,0.007,0.005,0.15,5.0,10000.0,5.0,DoC,change detection,60.0,"Task, Experiment-procedure, Label/change_detection_task",0.15,0.75,4.0,12.0,0.25,0.5,fingerprint,//allen/programs/braintv/workgroups/neuralcoding/Saskia/Visual Stimuli 151207/Movie_TOE1.npy,10.0,0.03333333333333333,
multiplane-ophys_800792_2025-08-13_14-25-39_behavior-nwb_2026-07-07_17-47-43,multiplane-ophys_800792_2025-08-13_14-25-39_behavior-nwb_2026-07-07_17-47-43,800792,2025-08-13T14:25:39.389000+00:00,TRAINING_5_images_A_handoff_ready,TRAINING_5_images_A_handoff_ready,images,Natural_Images_Lum_Matched_set_training_2017.07.14,Mus musculus,F,P129D,Slc32a1-IRES-Cre/wt;Oi1(TIT2L-jGCaMP8s-WPRE-ICL-IRES-tTA2)/wt,,,,1a4fbcdb-44ee-4247-b50a-4e26341bf875,geometric,0.3,0.0,0.0,0.3,3.5,5.0,,implicit,0.007,0.005,0.15,5.0,10000.0,5.0,DoC,change detection,60.0,"Task, Experiment-procedure, Label/change_detection_task",0.15,0.75,4.0,12.0,0.25,0.5,fingerprint,//allen/programs/braintv/workgroups/neuralcoding/Saskia/Visual Stimuli 151207/Movie_TOE1.npy,10.0,0.03333333333333333,
multiplane-ophys_800792_2025-08-14_14-29-33_behavior-nwb_2026-07-07_17-48-26,multiplane-ophys_800792_2025-08-14_14-29-33_behavior-nwb_2026-07-07_17-48-26,800792,2025-08-14T14:29:32.715000+00:00,OPHYS_1_images_A,OPHYS_1_images_A,images,Natural_Images_Lum_Matched_set_training_2017.07.14,Mus musculus,F,P130D,Slc32a1-IRES-Cre/wt;Oi1(TIT2L-jGCaMP8s-WPRE-ICL-IRES-tTA2)/wt,,,,9c1f7656-fc1b-4a8d-9616-abc5ddaeb4ca,geometric,0.3,0.0,0.0,0.3,3.5,5.0,,implicit,0.007,0.005,0.15,5.0,10000.0,5.0,DoC,change detection,60.0,"Task, Experiment-procedure, Label/change_detection_task",0.15,0.75,4.0,12.0,0.25,0.5,fingerprint,//allen/programs/braintv/workgroups/neuralcoding/Saskia/Visual Stimuli 151207/Movie_TOE1.npy,10.0,0.03333333333333333,0.05
multiplane-ophys_800792_2025-08-15_15-13-09_behavior-nwb_2026-07-07_17-49-01,multiplane-ophys_800792_2025-08-15_15-13-09_behavior-nwb_2026-07-07_17-49-01,800792,2025-08-15T15:13:09.325000+00:00,OPHYS_1_images_A,OPHYS_1_images_A,images,Natural_Images_Lum_Matched_set_training_2017.07.14,Mus musculus,F,P131D,Slc32a1-IRES-Cre/wt;Oi1(TIT2L-jGCaMP8s-WPRE-ICL-IRES-tTA2)/wt,,,,fc59dfca-f001-491f-ab02-606727a995b3,geometric,0.3,0.0,0.0,0.3,3.5,5.0,,implicit,0.007,0.005,0.15,5.0,10000.0,5.0,DoC,change detection,60.0,"Task, Experiment-procedure, Label/change_detection_task",0.15,0.75,4.0,12.0,0.25,0.5,fingerprint,//allen/programs/braintv/workgroups/neuralcoding/Saskia/Visual Stimuli 151207/Movie_TOE1.npy,10.0,0.03333333333333333,0.05
multiplane-ophys_800792_2025-08-18_14-43-32_behavior-nwb_2026-07-07_17-49-33,multiplane-ophys_800792_2025-08-18_14-43-32_behavior-nwb_2026-07-07_17-49-33,800792,2025-08-18T14:43:31.693000+00:00,OPHYS_4_images_B,OPHYS_4_images_B,images,Natural_Images_Lum_Matched_set_ophys_6_2017.07.14,Mus musculus,F,P134D,Slc32a1-IRES-Cre/wt;Oi1(TIT2L-jGCaMP8s-WPRE-ICL-IRES-tTA2)/wt,,,,8b35f56d-322d-4faf-9c5d-4895fe72714b,geometric,0.3,0.0,0.0,0.3,3.5,5.0,,implicit,0.007,0.005,0.15,5.0,10000.0,5.0,DoC,change detection,60.0,"Task, Experiment-procedure, Label/change_detection_task",0.15,0.75,4.0,12.0,0.25,0.5,fingerprint,//allen/programs/braintv/workgroups/neuralcoding/Saskia/Visual Stimuli 151207/Movie_TOE1.npy,10.0,0.03333333333333333,0.05
multiplane-ophys_800792_2025-08-19_13-08-51_behavior-nwb_2026-07-07_17-50-09,multiplane-ophys_800792_2025-08-19_13-08-51_behavior-nwb_2026-07-07_17-50-09,800792,2025-08-19T13:08:50.650000+00:00,OPHYS_4_images_B,OPHYS_4_images_B,images,Natural_Images_Lum_Matched_set_ophys_6_2017.07.14,Mus musculus,F,P135D,Slc32a1-IRES-Cre/wt;Oi1(TIT2L-jGCaMP8s-WPRE-ICL-IRES-tTA2)/wt,,,,938fd789-8f86-46b4-8a52-9e2bc07e4a79,geometric,0.3,0.0,0.0,0.3,3.5,5.0,,implicit,0.007,0.005,0.15,5.0,10000.0,5.0,DoC,change detection,60.0,"Task, Experiment-procedure, Label/change_detection_task",0.15,0.75,4.0,12.0,0.25,0.5,fingerprint,//allen/programs/braintv/workgroups/neuralcoding/Saskia/Visual Stimuli 151207/Movie_TOE1.npy,10.0,0.03333333333333333,0.05
multiplane-ophys_800792_2025-08-20_14-43-42_behavior-nwb_2026-07-07_17-50-34,multiplane-ophys_800792_2025-08-20_14-43-42_behavior-nwb_2026-07-07_17-50-34,800792,2025-08-20T14:43:41.675000+00:00,OPHYS_6_images_B,OPHYS_6_images_B,images,Natural_Images_Lum_Matched_set_ophys_6_2017.07.14,Mus musculus,F,P136D,Slc32a1-IRES-Cre/wt;Oi1(TIT2L-jGCaMP8s-WPRE-ICL-IRES-tTA2)/wt,,,,0bd372f6-3fab-475d-90aa-86983f857610,geometric,0.3,0.0,0.0,0.3,3.5,5.0,,implicit,0.007,0.005,0.15,5.0,10000.0,5.0,DoC,change detection,60.0,"Task, Experiment-procedure, Label/change_detection_task",0.15,0.75,4.0,12.0,0.25,0.5,fingerprint,//allen/programs/braintv/workgroups/neuralcoding/Saskia/Visual Stimuli 151207/Movie_TOE1.npy,10.0,0.03333333333333333,0.05
multiplane-ophys_800792_2025-08-21_14-34-02_behavior-nwb_2026-07-07_17-51-24,multiplane-ophys_800792_2025-08-21_14-34-02_behavior-nwb_2026-07-07_17-51-24,800792,2025-08-21T14:34:02.395000+00:00,OPHYS_6_images_B,OPHYS_6_images_B,images,Natural_Images_Lum_Matched_set_ophys_6_2017.07.14,Mus musculus,F,P137D,Slc32a1-IRES-Cre/wt;Oi1(TIT2L-jGCaMP8s-WPRE-ICL-IRES-tTA2)/wt,,,,99fac9d6-9a9c-43d8-b0f1-ffe7043dccec,geometric,0.3,0.0,0.0,0.3,3.5,5.0,,implicit,0.007,0.005,0.15,5.0,10000.0,5.0,DoC,change detection,60.0,"Task, Experiment-procedure, Label/change_detection_task",0.15,0.75,4.0,12.0,0.25,0.5,fingerprint,//allen/programs/braintv/workgroups/neuralcoding/Saskia/Visual Stimuli 151207/Movie_TOE1.npy,10.0,0.03333333333333333,0.05
multiplane-ophys_800792_2025-08-22_14-37-56_behavior-nwb_2026-07-07_17-52-02,multiplane-ophys_800792_2025-08-22_14-37-56_behavior-nwb_2026-07-07_17-52-02,800792,2025-08-22T14:37:55.960000+00:00,OPHYS_6_images_B,OPHYS_6_images_B,images,Natural_Images_Lum_Matched_set_ophys_6_2017.07.14,Mus musculus,F,P138D,Slc32a1-IRES-Cre/wt;Oi1(TIT2L-jGCaMP8s-WPRE-ICL-IRES-tTA2)/wt,,,,fd877468-b1fc-449a-81ec-e67201c6107a,geometric,0.3,0.0,0.0,0.3,3.5,5.0,,implicit,0.007,0.005,0.15,5.0,10000.0,5.0,DoC,change detection,60.0,"Task, Experiment-procedure, Label/change_detection_task",0.15,0.75,4.0,12.0,0.25,0.5,fingerprint,//allen/programs/braintv/workgroups/neuralcoding/Saskia/Visual Stimuli 151207/Movie_TOE1.npy,10.0,0.03333333333333333,0.05
multiplane-ophys_800792_2025-08-25_13-00-38_behavior-nwb_2026-07-07_17-52-45,multiplane-ophys_800792_2025-08-25_13-00-38_behavior-nwb_2026-07-07_17-52-45,800792,2025-08-25T13:00:43.873000+00:00,,STAGE_0,,,Mus musculus,F,,Slc32a1-IRES-Cre/wt;Oi1(TIT2L-jGCaMP8s-WPRE-ICL-IRES-tTA2)/wt,,,,2b339125-98a0-4dc8-ae63-f793ae2ebfe8,,,,,,,,,,,,,,,,,,,,,,,,,,,,,,
multiplane-ophys_800792_2025-08-26_12-30-21_behavior-nwb_2026-07-07_17-53-31,multiplane-ophys_800792_2025-08-26_12-30-21_behavior-nwb_2026-07-07_17-53-31,800792,2025-08-26T12:30:27.326000+00:00,,STAGE_1,,,Mus musculus,F,,Slc32a1-IRES-Cre/wt;Oi1(TIT2L-jGCaMP8s-WPRE-ICL-IRES-tTA2)/wt,,,,85b0ef10-50ad-477b-9169-add21473fd9a,,,,,,,,,,,,,,,,,,,,,,,,,,,,,,
multiplane-ophys_800792_2025-08-27_14-31-17_behavior-nwb_2026-07-07_17-53-48,multiplane-ophys_800792_2025-08-27_14-31-17_behavior-nwb_2026-07-07_17-53-48,800792,2025-08-27T14:31:23.531000+00:00,,STAGE_1,,,Mus musculus,F,,Slc32a1-IRES-Cre/wt;Oi1(TIT2L-jGCaMP8s-WPRE-ICL-IRES-tTA2)/wt,,,,ee2c24e4-4f64-4d91-914c-73f184276b38,,,,,,,,,,,,,,,,,,,,,,,,,,,,,,
multiplane-ophys_800792_2025-08-29_13-40-16_behavior-nwb_2026-07-07_17-54-17,multiplane-ophys_800792_2025-08-29_13-40-16_behavior-nwb_2026-07-07_17-54-17,800792,2025-08-29T13:40:21.548000+00:00,,STAGE_1,,,Mus musculus,F,,Slc32a1-IRES-Cre/wt;Oi1(TIT2L-jGCaMP8s-WPRE-ICL-IRES-tTA2)/wt,,,,8f99de06-72f1-4126-b9f7-0bbaf69a8e94,,,,,,,,,,,,,,,,,,,,,,,,,,,,,,
multiplane-ophys_800792_2025-09-04_12-15-50_behavior-nwb_2026-07-07_17-55-01,multiplane-ophys_800792_2025-09-04_12-15-50_behavior-nwb_2026-07-07_17-55-01,800792,2025-09-04T12:15:50.711000+00:00,,CENTER_MOUSEMOTION,,,Mus musculus,F,,Slc32a1-IRES-Cre/wt;Oi1(TIT2L-jGCaMP8s-WPRE-ICL-IRES-tTA2)/wt,,,,256f6c5c-1b86-47e3-a52c-53c4ce00a966,,,,,,,,,,,,,,,,,,,,,,,,,,,,,,
multiplane-ophys_800792_2025-11-06_11-00-52_behavior-nwb_2026-07-07_17-57-32,multiplane-ophys_800792_2025-11-06_11-00-52_behavior-nwb_2026-07-07_17-57-32,800792,2025-11-06T11:00:58.028000+00:00,,STAGE_1,,,Mus musculus,F,,Slc32a1-IRES-Cre/wt;Oi1(TIT2L-jGCaMP8s-WPRE-ICL-IRES-tTA2)/wt,,,,f05fbeea-c294-4005-830c-e180e165385b,,,,,,,,,,,,,,,,,,,,,,,,,,,,,,
multiplane-ophys_800792_2025-11-07_11-04-07_behavior-nwb_2026-07-07_17-57-36,multiplane-ophys_800792_2025-11-07_11-04-07_behavior-nwb_2026-07-07_17-57-36,800792,2025-11-07T11:04:13.704000+00:00,,STAGE_1,,,Mus musculus,F,,Slc32a1-IRES-Cre/wt;Oi1(TIT2L-jGCaMP8s-WPRE-ICL-IRES-tTA2)/wt,,,,f86042a5-c455-4ce0-976b-7ab8c34469dc,,,,,,,,,,,,,,,,,,,,,,,,,,,,,,
multiplane-ophys_800792_2025-11-11_09-26-07_behavior-nwb_2026-07-07_17-57-47,multiplane-ophys_800792_2025-11-11_09-26-07_behavior-nwb_2026-07-07_17-57-47,800792,2025-11-11T09:26:13.459000+00:00,,STAGE_1,,,Mus musculus,F,,Slc32a1-IRES-Cre/wt;Oi1(TIT2L-jGCaMP8s-WPRE-ICL-IRES-tTA2)/wt,,,,8c17e6a7-5db4-48d6-af92-1f3f52a53ce8,,,,,,,,,,,,,,,,,,,,,,,,,,,,,,
multiplane-ophys_800792_2025-11-17_11-16-34_behavior-nwb_2026-07-07_17-58-08,multiplane-ophys_800792_2025-11-17_11-16-34_behavior-nwb_2026-07-07_17-58-08,800792,2025-11-17T11:16:40.313000+00:00,,STAGE_1,,,Mus musculus,F,,Slc32a1-IRES-Cre/wt;Oi1(TIT2L-jGCaMP8s-WPRE-ICL-IRES-tTA2)/wt,,,,7513b36d-2d9a-448f-9e0a-3bcbfcff5078,,,,,,,,,,,,,,,,,,,,,,,,,,,,,,
multiplane-ophys_800995_2025-08-05_13-25-58_behavior-nwb_2026-07-07_17-45-29,multiplane-ophys_800995_2025-08-05_13-25-58_behavior-nwb_2026-07-07_17-45-29,800995,2025-08-05T13:25:58.179000+00:00,TRAINING_0_gratings_autorewards_15min,TRAINING_0_gratings_autorewards_15min,grating,,Mus musculus,F,P120D,Slc32a1-IRES-Cre/wt;Oi1(TIT2L-jGCaMP8s-WPRE-ICL-IRES-tTA2)/wt,,,,ed957aee-ce9e-429d-83d1-8ad21151f498,exponential,2.0,2.25,0.0,0.3,3.5,0.0,0.0,explicit,0.0,0.005,0.15,5.0,10.0,-1.0,DoC,change detection,15.0,"Task, Experiment-procedure, Label/change_detection_task",0.0,0.0,,,,,,,,,
multiplane-ophys_800995_2025-08-07_12-29-04_behavior-nwb_2026-07-07_17-45-43,multiplane-ophys_800995_2025-08-07_12-29-04_behavior-nwb_2026-07-07_17-45-43,800995,2025-08-07T12:29:03.554000+00:00,TRAINING_1_gratings,TRAINING_1_gratings,grating,,Mus musculus,F,P122D,Slc32a1-IRES-Cre/wt;Oi1(TIT2L-jGCaMP8s-WPRE-ICL-IRES-tTA2)/wt,,,,3422e4ef-f538-4099-8a9f-271d08097c76,exponential,2.0,2.25,0.0,0.3,3.5,5.0,0.25,explicit,0.01,0.005,0.15,5.0,10.0,5.0,DoC,change detection,60.0,"Task, Experiment-procedure, Label/change_detection_task",0.15,1.0,,,,,,,,,
multiplane-ophys_800995_2025-08-08_12-49-42_behavior-nwb_2026-07-07_17-46-02,multiplane-ophys_800995_2025-08-08_12-49-42_behavior-nwb_2026-07-07_17-46-02,800995,2025-08-08T12:49:41.952000+00:00,TRAINING_1_gratings,TRAINING_1_gratings,grating,,Mus musculus,F,P123D,Slc32a1-IRES-Cre/wt;Oi1(TIT2L-jGCaMP8s-WPRE-ICL-IRES-tTA2)/wt,,,,53687b33-0274-4009-b40d-34922b809c59,exponential,2.0,2.25,0.0,0.3,3.5,5.0,0.25,explicit,0.01,0.005,0.15,5.0,10.0,5.0,DoC,change detection,60.0,"Task, Experiment-procedure, Label/change_detection_task",0.15,1.0,,,,,,,,,
multiplane-ophys_800995_2025-08-11_11-02-36_behavior-nwb_2026-07-07_17-46-27,multiplane-ophys_800995_2025-08-11_11-02-36_behavior-nwb_2026-07-07_17-46-27,800995,2025-08-11T11:02:35.746000+00:00,TRAINING_1_gratings,TRAINING_1_gratings,grating,,Mus musculus,F,P126D,Slc32a1-IRES-Cre/wt;Oi1(TIT2L-jGCaMP8s-WPRE-ICL-IRES-tTA2)/wt,,,,35ac5e9c-e2c6-4724-b1e8-489c38578232,exponential,2.0,2.25,0.0,0.3,3.5,5.0,0.25,explicit,0.01,0.005,0.15,5.0,10.0,5.0,DoC,change detection,60.0,"Task, Experiment-procedure, Label/change_detection_task",0.15,1.0,,,,,,,,,
multiplane-ophys_800995_2025-08-12_10-33-26_behavior-nwb_2026-07-07_17-46-55,multiplane-ophys_800995_2025-08-12_10-33-26_behavior-nwb_2026-07-07_17-46-55,800995,2025-08-12T10:33:26.392000+00:00,TRAINING_2_gratings_flashed,TRAINING_2_gratings_flashed,grating,,Mus musculus,F,P127D,Slc32a1-IRES-Cre/wt;Oi1(TIT2L-jGCaMP8s-WPRE-ICL-IRES-tTA2)/wt,,,,be2f939b-c5af-4d55-b69b-ca60d034a24d,geometric,0.3,0.0,0.0,0.3,3.5,5.0,0.25,explicit,0.01,0.005,0.15,5.0,10.0,5.0,DoC,change detection,60.0,"Task, Experiment-procedure, Label/change_detection_task",0.15,0.75,4.0,12.0,0.25,0.5,,,,,
multiplane-ophys_800995_2025-08-13_10-35-25_behavior-nwb_2026-07-07_17-47-27,multiplane-ophys_800995_2025-08-13_10-35-25_behavior-nwb_2026-07-07_17-47-27,800995,2025-08-13T10:35:24.904000+00:00,TRAINING_3_images_A_10uL_reward,TRAINING_3_images_A_10uL_reward,images,Natural_Images_Lum_Matched_set_training_2017.07.14,Mus musculus,F,P128D,Slc32a1-IRES-Cre/wt;Oi1(TIT2L-jGCaMP8s-WPRE-ICL-IRES-tTA2)/wt,,,,7f52d8ba-22de-4e8e-9999-429cfa1766b2,geometric,0.3,0.0,0.0,0.3,3.5,5.0,,implicit,0.01,0.005,0.15,5.0,10.0,5.0,DoC,change detection,60.0,"Task, Experiment-procedure, Label/change_detection_task",0.15,0.75,4.0,12.0,0.25,0.5,,,,,
multiplane-ophys_800995_2025-08-14_12-22-10_behavior-nwb_2026-07-07_17-48-05,multiplane-ophys_800995_2025-08-14_12-22-10_behavior-nwb_2026-07-07_17-48-05,800995,2025-08-14T12:22:10.089000+00:00,TRAINING_3_images_A_10uL_reward,TRAINING_3_images_A_10uL_reward,images,Natural_Images_Lum_Matched_set_training_2017.07.14,Mus musculus,F,P129D,Slc32a1-IRES-Cre/wt;Oi1(TIT2L-jGCaMP8s-WPRE-ICL-IRES-tTA2)/wt,,,,e8e23b32-dcad-4ef4-925f-787b5a87c288,geometric,0.3,0.0,0.0,0.3,3.5,5.0,,implicit,0.01,0.005,0.15,5.0,10.0,5.0,DoC,change detection,60.0,"Task, Experiment-procedure, Label/change_detection_task",0.15,0.75,4.0,12.0,0.25,0.5,,,,,
multiplane-ophys_800995_2025-08-15_12-44-14_behavior-nwb_2026-07-07_17-48-39,multiplane-ophys_800995_2025-08-15_12-44-14_behavior-nwb_2026-07-07_17-48-39,800995,2025-08-15T12:44:13.559000+00:00,TRAINING_3_images_A_10uL_reward,TRAINING_3_images_A_10uL_reward,images,Natural_Images_Lum_Matched_set_training_2017.07.14,Mus musculus,F,P130D,Slc32a1-IRES-Cre/wt;Oi1(TIT2L-jGCaMP8s-WPRE-ICL-IRES-tTA2)/wt,,,,3e56c25a-ae42-4a48-aa58-7d276c4da175,geometric,0.3,0.0,0.0,0.3,3.5,5.0,,implicit,0.01,0.005,0.15,5.0,10.0,5.0,DoC,change detection,60.0,"Task, Experiment-procedure, Label/change_detection_task",0.15,0.75,4.0,12.0,0.25,0.5,,,,,
multiplane-ophys_800995_2025-08-18_12-03-27_behavior-nwb_2026-07-07_17-49-24,multiplane-ophys_800995_2025-08-18_12-03-27_behavior-nwb_2026-07-07_17-49-24,800995,2025-08-18T12:03:26.799000+00:00,TRAINING_4_images_A_training,TRAINING_4_images_A_training,images,Natural_Images_Lum_Matched_set_training_2017.07.14,Mus musculus,F,P133D,Slc32a1-IRES-Cre/wt;Oi1(TIT2L-jGCaMP8s-WPRE-ICL-IRES-tTA2)/wt,,,,bbd00cd7-1bd3-482b-a4b0-4541e58051e6,geometric,0.3,0.0,0.0,0.3,3.5,5.0,,implicit,0.007,0.005,0.15,5.0,10000.0,5.0,DoC,change detection,60.0,"Task, Experiment-procedure, Label/change_detection_task",0.15,0.75,4.0,12.0,0.25,0.5,,,,,
multiplane-ophys_800995_2025-08-19_10-54-26_behavior-nwb_2026-07-07_17-49-47,multiplane-ophys_800995_2025-08-19_10-54-26_behavior-nwb_2026-07-07_17-49-47,800995,2025-08-19T10:54:25.608000+00:00,TRAINING_5_images_A_epilogue,TRAINING_5_images_A_epilogue,images,Natural_Images_Lum_Matched_set_training_2017.07.14,Mus musculus,F,P134D,Slc32a1-IRES-Cre/wt;Oi1(TIT2L-jGCaMP8s-WPRE-ICL-IRES-tTA2)/wt,,,,95681bf5-bcb0-4edc-b2bc-f0a268230cec,geometric,0.3,0.0,0.0,0.3,3.5,5.0,,implicit,0.007,0.005,0.15,5.0,10000.0,5.0,DoC,change detection,60.0,"Task, Experiment-procedure, Label/change_detection_task",0.15,0.75,4.0,12.0,0.25,0.5,fingerprint,//allen/programs/braintv/workgroups/neuralcoding/Saskia/Visual Stimuli 151207/Movie_TOE1.npy,10.0,0.03333333333333333,
multiplane-ophys_800995_2025-08-20_12-33-49_behavior-nwb_2026-07-07_17-50-22,multiplane-ophys_800995_2025-08-20_12-33-49_behavior-nwb_2026-07-07_17-50-22,800995,2025-08-20T12:33:48.820000+00:00,TRAINING_5_images_A_handoff_ready,TRAINING_5_images_A_handoff_ready,images,Natural_Images_Lum_Matched_set_training_2017.07.14,Mus musculus,F,P135D,Slc32a1-IRES-Cre/wt;Oi1(TIT2L-jGCaMP8s-WPRE-ICL-IRES-tTA2)/wt,,,,7a9928dd-c9bc-4fcd-9e96-f6c9205ef2ac,geometric,0.3,0.0,0.0,0.3,3.5,5.0,,implicit,0.007,0.005,0.15,5.0,10000.0,5.0,DoC,change detection,60.0,"Task, Experiment-procedure, Label/change_detection_task",0.15,0.75,4.0,12.0,0.25,0.5,fingerprint,//allen/programs/braintv/workgroups/neuralcoding/Saskia/Visual Stimuli 151207/Movie_TOE1.npy,10.0,0.03333333333333333,
multiplane-ophys_800995_2025-08-21_12-22-40_behavior-nwb_2026-07-07_17-51-01,multiplane-ophys_800995_2025-08-21_12-22-40_behavior-nwb_2026-07-07_17-51-01,800995,2025-08-21T12:22:40.461000+00:00,OPHYS_1_images_A,OPHYS_1_images_A,images,Natural_Images_Lum_Matched_set_training_2017.07.14,Mus musculus,F,P136D,Slc32a1-IRES-Cre/wt;Oi1(TIT2L-jGCaMP8s-WPRE-ICL-IRES-tTA2)/wt,,,,26a0537f-6458-4280-871b-80f1a3ebf5c4,geometric,0.3,0.0,0.0,0.3,3.5,5.0,,implicit,0.007,0.005,0.15,5.0,10000.0,5.0,DoC,change detection,60.0,"Task, Experiment-procedure, Label/change_detection_task",0.15,0.75,4.0,12.0,0.25,0.5,fingerprint,//allen/programs/braintv/workgroups/neuralcoding/Saskia/Visual Stimuli 151207/Movie_TOE1.npy,10.0,0.03333333333333333,0.05
multiplane-ophys_800995_2025-08-22_12-35-43_behavior-nwb_2026-07-07_17-51-50,multiplane-ophys_800995_2025-08-22_12-35-43_behavior-nwb_2026-07-07_17-51-50,800995,2025-08-22T12:35:43.093000+00:00,OPHYS_1_images_A,OPHYS_1_images_A,images,Natural_Images_Lum_Matched_set_training_2017.07.14,Mus musculus,F,P137D,Slc32a1-IRES-Cre/wt;Oi1(TIT2L-jGCaMP8s-WPRE-ICL-IRES-tTA2)/wt,,,,d92a48c1-9950-440d-98aa-366762079dea,geometric,0.3,0.0,0.0,0.3,3.5,5.0,,implicit,0.007,0.005,0.15,5.0,10000.0,5.0,DoC,change detection,60.0,"Task, Experiment-procedure, Label/change_detection_task",0.15,0.75,4.0,12.0,0.25,0.5,fingerprint,//allen/programs/braintv/workgroups/neuralcoding/Saskia/Visual Stimuli 151207/Movie_TOE1.npy,10.0,0.03333333333333333,0.05
multiplane-ophys_800995_2025-08-25_10-49-46_behavior-nwb_2026-07-07_17-52-14,multiplane-ophys_800995_2025-08-25_10-49-46_behavior-nwb_2026-07-07_17-52-14,800995,2025-08-25T10:49:45.815000+00:00,OPHYS_4_images_B,OPHYS_4_images_B,images,Natural_Images_Lum_Matched_set_ophys_6_2017.07.14,Mus musculus,F,P140D,Slc32a1-IRES-Cre/wt;Oi1(TIT2L-jGCaMP8s-WPRE-ICL-IRES-tTA2)/wt,,,,442f4234-6c9c-42be-b4f1-ad4a597af9b1,geometric,0.3,0.0,0.0,0.3,3.5,5.0,,implicit,0.007,0.005,0.15,5.0,10000.0,5.0,DoC,change detection,60.0,"Task, Experiment-procedure, Label/change_detection_task",0.15,0.75,4.0,12.0,0.25,0.5,fingerprint,//allen/programs/braintv/workgroups/neuralcoding/Saskia/Visual Stimuli 151207/Movie_TOE1.npy,10.0,0.03333333333333333,0.05
multiplane-ophys_800995_2025-08-26_10-28-40_behavior-nwb_2026-07-07_17-53-06,multiplane-ophys_800995_2025-08-26_10-28-40_behavior-nwb_2026-07-07_17-53-06,800995,2025-08-26T10:28:39.601000+00:00,OPHYS_4_images_B,OPHYS_4_images_B,images,Natural_Images_Lum_Matched_set_ophys_6_2017.07.14,Mus musculus,F,P141D,Slc32a1-IRES-Cre/wt;Oi1(TIT2L-jGCaMP8s-WPRE-ICL-IRES-tTA2)/wt,,,,cc1efb79-9650-433a-a7d5-d7af2109961a,geometric,0.3,0.0,0.0,0.3,3.5,5.0,,implicit,0.007,0.005,0.15,5.0,10000.0,5.0,DoC,change detection,60.0,"Task, Experiment-procedure, Label/change_detection_task",0.15,0.75,4.0,12.0,0.25,0.5,fingerprint,//allen/programs/braintv/workgroups/neuralcoding/Saskia/Visual Stimuli 151207/Movie_TOE1.npy,10.0,0.03333333333333333,0.05
multiplane-ophys_800995_2025-08-27_12-22-08_behavior-nwb_2026-07-07_17-53-36,multiplane-ophys_800995_2025-08-27_12-22-08_behavior-nwb_2026-07-07_17-53-36,800995,2025-08-27T12:22:07.528000+00:00,OPHYS_6_images_B,OPHYS_6_images_B,images,Natural_Images_Lum_Matched_set_ophys_6_2017.07.14,Mus musculus,F,P142D,Slc32a1-IRES-Cre/wt;Oi1(TIT2L-jGCaMP8s-WPRE-ICL-IRES-tTA2)/wt,,,,a30779a1-1859-482d-94ed-849ba5c6b055,geometric,0.3,0.0,0.0,0.3,3.5,5.0,,implicit,0.007,0.005,0.15,5.0,10000.0,5.0,DoC,change detection,60.0,"Task, Experiment-procedure, Label/change_detection_task",0.15,0.75,4.0,12.0,0.25,0.5,fingerprint,//allen/programs/braintv/workgroups/neuralcoding/Saskia/Visual Stimuli 151207/Movie_TOE1.npy,10.0,0.03333333333333333,0.05
multiplane-ophys_800995_2025-08-29_11-18-22_behavior-nwb_2026-07-07_17-54-06,multiplane-ophys_800995_2025-08-29_11-18-22_behavior-nwb_2026-07-07_17-54-06,800995,2025-08-29T11:18:22.466000+00:00,OPHYS_6_images_B,OPHYS_6_images_B,images,Natural_Images_Lum_Matched_set_ophys_6_2017.07.14,Mus musculus,F,P144D,Slc32a1-IRES-Cre/wt;Oi1(TIT2L-jGCaMP8s-WPRE-ICL-IRES-tTA2)/wt,,,,1c714e52-d2cc-44f3-aecb-74ebe0dbe0da,geometric,0.3,0.0,0.0,0.3,3.5,5.0,,implicit,0.007,0.005,0.15,5.0,10000.0,5.0,DoC,change detection,60.0,"Task, Experiment-procedure, Label/change_detection_task",0.15,0.75,4.0,12.0,0.25,0.5,fingerprint,//allen/programs/braintv/workgroups/neuralcoding/Saskia/Visual Stimuli 151207/Movie_TOE1.npy,10.0,0.03333333333333333,0.05
multiplane-ophys_800995_2025-09-05_12-12-27_behavior-nwb_2026-07-07_17-55-20,multiplane-ophys_800995_2025-09-05_12-12-27_behavior-nwb_2026-07-07_17-55-20,800995,2025-09-05T12:12:27.280000+00:00,OPHYS_6_images_B,OPHYS_6_images_B,images,Natural_Images_Lum_Matched_set_ophys_6_2017.07.14,Mus musculus,F,P151D,Slc32a1-IRES-Cre/wt;Oi1(TIT2L-jGCaMP8s-WPRE-ICL-IRES-tTA2)/wt,,,,bb7f5b1c-df71-4c93-8591-5566a547ca54,geometric,0.3,0.0,0.0,0.3,3.5,5.0,,implicit,0.007,0.005,0.15,5.0,10000.0,5.0,DoC,change detection,60.0,"Task, Experiment-procedure, Label/change_detection_task",0.15,0.75,4.0,12.0,0.25,0.5,fingerprint,//allen/programs/braintv/workgroups/neuralcoding/Saskia/Visual Stimuli 151207/Movie_TOE1.npy,10.0,0.03333333333333333,0.05
multiplane-ophys_800995_2025-09-15_12-16-41_behavior-nwb_2026-07-07_17-56-19,multiplane-ophys_800995_2025-09-15_12-16-41_behavior-nwb_2026-07-07_17-56-19,800995,2025-09-15T12:16:47.489000+00:00,,STAGE_0,,,Mus musculus,F,,Slc32a1-IRES-Cre/wt;Oi1(TIT2L-jGCaMP8s-WPRE-ICL-IRES-tTA2)/wt,,,,87326c20-6c92-4850-b5d1-59bccc5168c5,,,,,,,,,,,,,,,,,,,,,,,,,,,,,,
multiplane-ophys_800995_2025-09-16_12-04-50_behavior-nwb_2026-07-07_17-56-41,multiplane-ophys_800995_2025-09-16_12-04-50_behavior-nwb_2026-07-07_17-56-41,800995,2025-09-16T12:04:55.960000+00:00,,STAGE_1,,,Mus musculus,F,,Slc32a1-IRES-Cre/wt;Oi1(TIT2L-jGCaMP8s-WPRE-ICL-IRES-tTA2)/wt,,,,3b9feaf6-5c5a-4669-9b69-151248b23c42,,,,,,,,,,,,,,,,,,,,,,,,,,,,,,
multiplane-ophys_800995_2025-09-17_14-17-38_behavior-nwb_2026-07-07_17-56-47,multiplane-ophys_800995_2025-09-17_14-17-38_behavior-nwb_2026-07-07_17-56-47,800995,2025-09-17T14:17:44.363000+00:00,,STAGE_1,,,Mus musculus,F,,Slc32a1-IRES-Cre/wt;Oi1(TIT2L-jGCaMP8s-WPRE-ICL-IRES-tTA2)/wt,,,,60a785ed-6197-4e91-b675-aa2805730e32,,,,,,,,,,,,,,,,,,,,,,,,,,,,,,
multiplane-ophys_800995_2025-09-18_11-59-49_behavior-nwb_2026-07-07_17-56-52,multiplane-ophys_800995_2025-09-18_11-59-49_behavior-nwb_2026-07-07_17-56-52,800995,2025-09-18T11:59:54.924000+00:00,,STAGE_1,,,Mus musculus,F,,Slc32a1-IRES-Cre/wt;Oi1(TIT2L-jGCaMP8s-WPRE-ICL-IRES-tTA2)/wt,,,,8136132f-2ee8-4aa9-8279-86d14fbd9d8f,,,,,,,,,,,,,,,,,,,,,,,,,,,,,,
multiplane-ophys_800995_2025-09-19_12-11-04_behavior-nwb_2026-07-07_17-56-59,multiplane-ophys_800995_2025-09-19_12-11-04_behavior-nwb_2026-07-07_17-56-59,800995,2025-09-19T12:11:05.064000+00:00,,CENTER_MOUSEMOTION,,,Mus musculus,F,,Slc32a1-IRES-Cre/wt;Oi1(TIT2L-jGCaMP8s-WPRE-ICL-IRES-tTA2)/wt,,,,ec0cdda4-3943-4cab-884a-809b9c5d7a8f,,,,,,,,,,,,,,,,,,,,,,,,,,,,,,
multiplane-ophys_800995_2025-11-10_13-12-51_behavior-nwb_2026-07-07_17-57-42,multiplane-ophys_800995_2025-11-10_13-12-51_behavior-nwb_2026-07-07_17-57-42,800995,2025-11-10T13:12:56.564000+00:00,,STAGE_1,,,Mus musculus,F,,Slc32a1-IRES-Cre/wt;Oi1(TIT2L-jGCaMP8s-WPRE-ICL-IRES-tTA2)/wt,,,,125029b4-84a4-427c-8208-648b8881de7b,,,,,,,,,,,,,,,,,,,,,,,,,,,,,,
multiplane-ophys_800995_2025-11-12_12-30-02_behavior-nwb_2026-07-07_17-57-52,multiplane-ophys_800995_2025-11-12_12-30-02_behavior-nwb_2026-07-07_17-57-52,800995,2025-11-12T12:30:08.425000+00:00,,STAGE_1,,,Mus musculus,F,,Slc32a1-IRES-Cre/wt;Oi1(TIT2L-jGCaMP8s-WPRE-ICL-IRES-tTA2)/wt,,,,454033ab-f1b4-4dca-8c18-613150bb1fb2,,,,,,,,,,,,,,,,,,,,,,,,,,,,,,
multiplane-ophys_800995_2025-11-13_10-16-12_behavior-nwb_2026-07-07_17-57-58,multiplane-ophys_800995_2025-11-13_10-16-12_behavior-nwb_2026-07-07_17-57-58,800995,2025-11-13T10:16:17.604000+00:00,,STAGE_1,,,Mus musculus,F,,Slc32a1-IRES-Cre/wt;Oi1(TIT2L-jGCaMP8s-WPRE-ICL-IRES-tTA2)/wt,,,,ef217124-b78a-4305-99ad-088598d953ef,,,,,,,,,,,,,,,,,,,,,,,,,,,,,,
multiplane-ophys_800995_2025-11-14_10-36-31_behavior-nwb_2026-07-07_17-58-03,multiplane-ophys_800995_2025-11-14_10-36-31_behavior-nwb_2026-07-07_17-58-03,800995,2025-11-14T10:36:36.783000+00:00,,STAGE_1,,,Mus musculus,F,,Slc32a1-IRES-Cre/wt;Oi1(TIT2L-jGCaMP8s-WPRE-ICL-IRES-tTA2)/wt,,,,f9decc63-7402-4a21-a55a-a73bc90b1094,,,,,,,,,,,,,,,,,,,,,,,,,,,,,,
multiplane-ophys_804363_2025-08-12_13-01-00_behavior-nwb_2026-07-07_17-47-24,multiplane-ophys_804363_2025-08-12_13-01-00_behavior-nwb_2026-07-07_17-47-24,804363,2025-08-12T13:00:59.610000+00:00,TRAINING_0_gratings_autorewards_15min,TRAINING_0_gratings_autorewards_15min,grating,,Mus musculus,F,P107D,Slc32a1-IRES-Cre/wt;Oi1(TIT2L-jGCaMP8s-WPRE-ICL-IRES-tTA2)/wt,,,,770ae7ba-41ce-4cbf-8e0a-b3866b2fb418,exponential,2.0,2.25,0.0,0.3,3.5,0.0,0.0,explicit,0.0,0.005,0.15,5.0,10.0,-1.0,DoC,change detection,15.0,"Task, Experiment-procedure, Label/change_detection_task",0.0,0.0,,,,,,,,,
multiplane-ophys_804363_2025-08-13_14-32-41_behavior-nwb_2026-07-07_17-47-54,multiplane-ophys_804363_2025-08-13_14-32-41_behavior-nwb_2026-07-07_17-47-54,804363,2025-08-13T14:32:40.795000+00:00,TRAINING_1_gratings,TRAINING_1_gratings,grating,,Mus musculus,F,P108D,Slc32a1-IRES-Cre/wt;Oi1(TIT2L-jGCaMP8s-WPRE-ICL-IRES-tTA2)/wt,,,,c24f7245-85c4-4d05-a2ad-5a584447b365,exponential,2.0,2.25,0.0,0.3,3.5,5.0,0.25,explicit,0.01,0.005,0.15,5.0,10.0,5.0,DoC,change detection,60.0,"Task, Experiment-procedure, Label/change_detection_task",0.15,1.0,,,,,,,,,
multiplane-ophys_804363_2025-08-14_14-24-15_behavior-nwb_2026-07-07_17-48-17,multiplane-ophys_804363_2025-08-14_14-24-15_behavior-nwb_2026-07-07_17-48-17,804363,2025-08-14T14:24:14.857000+00:00,TRAINING_1_gratings,TRAINING_1_gratings,grating,,Mus musculus,F,P109D,Slc32a1-IRES-Cre/wt;Oi1(TIT2L-jGCaMP8s-WPRE-ICL-IRES-tTA2)/wt,,,,dd59b487-3b58-4207-a673-bbc381720106,exponential,2.0,2.25,0.0,0.3,3.5,5.0,0.25,explicit,0.01,0.005,0.15,5.0,10.0,5.0,DoC,change detection,60.0,"Task, Experiment-procedure, Label/change_detection_task",0.15,1.0,,,,,,,,,
multiplane-ophys_804363_2025-08-15_13-19-14_behavior-nwb_2026-07-07_17-48-51,multiplane-ophys_804363_2025-08-15_13-19-14_behavior-nwb_2026-07-07_17-48-51,804363,2025-08-15T13:19:13.950000+00:00,TRAINING_2_gratings_flashed,TRAINING_2_gratings_flashed,grating,,Mus musculus,F,P110D,Slc32a1-IRES-Cre/wt;Oi1(TIT2L-jGCaMP8s-WPRE-ICL-IRES-tTA2)/wt,,,,f5a5ca9f-7d13-4c74-b01f-921b6cbf5be3,geometric,0.3,0.0,0.0,0.3,3.5,5.0,0.25,explicit,0.01,0.005,0.15,5.0,10.0,5.0,DoC,change detection,60.0,"Task, Experiment-procedure, Label/change_detection_task",0.15,0.75,4.0,12.0,0.25,0.5,,,,,
multiplane-ophys_804363_2025-08-18_11-40-56_behavior-nwb_2026-07-07_17-49-15,multiplane-ophys_804363_2025-08-18_11-40-56_behavior-nwb_2026-07-07_17-49-15,804363,2025-08-18T11:40:55.724000+00:00,TRAINING_3_images_A_10uL_reward,TRAINING_3_images_A_10uL_reward,images,Natural_Images_Lum_Matched_set_training_2017.07.14,Mus musculus,F,P113D,Slc32a1-IRES-Cre/wt;Oi1(TIT2L-jGCaMP8s-WPRE-ICL-IRES-tTA2)/wt,,,,52525228-fa13-48a1-97ab-6090335a5624,geometric,0.3,0.0,0.0,0.3,3.5,5.0,,implicit,0.01,0.005,0.15,5.0,10.0,5.0,DoC,change detection,60.0,"Task, Experiment-procedure, Label/change_detection_task",0.15,0.75,4.0,12.0,0.25,0.5,,,,,
multiplane-ophys_804363_2025-08-19_11-46-48_behavior-nwb_2026-07-07_17-49-59,multiplane-ophys_804363_2025-08-19_11-46-48_behavior-nwb_2026-07-07_17-49-59,804363,2025-08-19T11:46:47.669000+00:00,TRAINING_3_images_A_10uL_reward,TRAINING_3_images_A_10uL_reward,images,Natural_Images_Lum_Matched_set_training_2017.07.14,Mus musculus,F,P114D,Slc32a1-IRES-Cre/wt;Oi1(TIT2L-jGCaMP8s-WPRE-ICL-IRES-tTA2)/wt,,,,4cbc5e86-02ef-4966-a7c9-b22bc873c220,geometric,0.3,0.0,0.0,0.3,3.5,5.0,,implicit,0.01,0.005,0.15,5.0,10.0,5.0,DoC,change detection,60.0,"Task, Experiment-procedure, Label/change_detection_task",0.15,0.75,4.0,12.0,0.25,0.5,,,,,
multiplane-ophys_804363_2025-08-20_14-57-53_behavior-nwb_2026-07-07_17-50-46,multiplane-ophys_804363_2025-08-20_14-57-53_behavior-nwb_2026-07-07_17-50-46,804363,2025-08-20T14:57:53.309000+00:00,TRAINING_3_images_A_10uL_reward,TRAINING_3_images_A_10uL_reward,images,Natural_Images_Lum_Matched_set_training_2017.07.14,Mus musculus,F,P115D,Slc32a1-IRES-Cre/wt;Oi1(TIT2L-jGCaMP8s-WPRE-ICL-IRES-tTA2)/wt,,,,39c7ce90-fd4c-402a-ba85-6efb6849f54f,geometric,0.3,0.0,0.0,0.3,3.5,5.0,,implicit,0.01,0.005,0.15,5.0,10.0,5.0,DoC,change detection,60.0,"Task, Experiment-procedure, Label/change_detection_task",0.15,0.75,4.0,12.0,0.25,0.5,,,,,
multiplane-ophys_804363_2025-08-21_14-13-43_behavior-nwb_2026-07-07_17-51-13,multiplane-ophys_804363_2025-08-21_14-13-43_behavior-nwb_2026-07-07_17-51-13,804363,2025-08-21T14:13:42.597000+00:00,TRAINING_4_images_A_training,TRAINING_4_images_A_training,images,Natural_Images_Lum_Matched_set_training_2017.07.14,Mus musculus,F,P116D,Slc32a1-IRES-Cre/wt;Oi1(TIT2L-jGCaMP8s-WPRE-ICL-IRES-tTA2)/wt,,,,a8a8eb1a-600a-45f7-bcde-a97f275051c0,geometric,0.3,0.0,0.0,0.3,3.5,5.0,,implicit,0.007,0.005,0.15,5.0,10000.0,5.0,DoC,change detection,60.0,"Task, Experiment-procedure, Label/change_detection_task",0.15,0.75,4.0,12.0,0.25,0.5,,,,,
multiplane-ophys_804363_2025-08-22_10-55-29_behavior-nwb_2026-07-07_17-51-36,multiplane-ophys_804363_2025-08-22_10-55-29_behavior-nwb_2026-07-07_17-51-36,804363,2025-08-22T10:55:28.642000+00:00,TRAINING_5_images_A_epilogue,TRAINING_5_images_A_epilogue,images,Natural_Images_Lum_Matched_set_training_2017.07.14,Mus musculus,F,P117D,Slc32a1-IRES-Cre/wt;Oi1(TIT2L-jGCaMP8s-WPRE-ICL-IRES-tTA2)/wt,,,,5c9f2e27-0651-4b85-a899-c0d1e8702290,geometric,0.3,0.0,0.0,0.3,3.5,5.0,,implicit,0.007,0.005,0.15,5.0,10000.0,5.0,DoC,change detection,60.0,"Task, Experiment-procedure, Label/change_detection_task",0.15,0.75,4.0,12.0,0.25,0.5,fingerprint,//allen/programs/braintv/workgroups/neuralcoding/Saskia/Visual Stimuli 151207/Movie_TOE1.npy,10.0,0.03333333333333333,
multiplane-ophys_804363_2025-08-25_11-46-42_behavior-nwb_2026-07-07_17-52-28,multiplane-ophys_804363_2025-08-25_11-46-42_behavior-nwb_2026-07-07_17-52-28,804363,2025-08-25T11:46:41.738000+00:00,TRAINING_5_images_A_handoff_ready,TRAINING_5_images_A_handoff_ready,images,Natural_Images_Lum_Matched_set_training_2017.07.14,Mus musculus,F,P120D,Slc32a1-IRES-Cre/wt;Oi1(TIT2L-jGCaMP8s-WPRE-ICL-IRES-tTA2)/wt,,,,42084536-61e8-4ee4-b3a0-8a3b61cd41ce,geometric,0.3,0.0,0.0,0.3,3.5,5.0,,implicit,0.007,0.005,0.15,5.0,10000.0,5.0,DoC,change detection,60.0,"Task, Experiment-procedure, Label/change_detection_task",0.15,0.75,4.0,12.0,0.25,0.5,fingerprint,//allen/programs/braintv/workgroups/neuralcoding/Saskia/Visual Stimuli 151207/Movie_TOE1.npy,10.0,0.03333333333333333,
multiplane-ophys_804363_2025-08-26_11-28-57_behavior-nwb_2026-07-07_17-53-19,multiplane-ophys_804363_2025-08-26_11-28-57_behavior-nwb_2026-07-07_17-53-19,804363,2025-08-26T11:28:56.547000+00:00,OPHYS_1_images_A,OPHYS_1_images_A,images,Natural_Images_Lum_Matched_set_training_2017.07.14,Mus musculus,F,P121D,Slc32a1-IRES-Cre/wt;Oi1(TIT2L-jGCaMP8s-WPRE-ICL-IRES-tTA2)/wt,,,,634ca46d-866e-4cf6-b8e4-3bd217823e6c,geometric,0.3,0.0,0.0,0.3,3.5,5.0,,implicit,0.007,0.005,0.15,5.0,10000.0,5.0,DoC,change detection,60.0,"Task, Experiment-procedure, Label/change_detection_task",0.15,0.75,4.0,12.0,0.25,0.5,fingerprint,//allen/programs/braintv/workgroups/neuralcoding/Saskia/Visual Stimuli 151207/Movie_TOE1.npy,10.0,0.03333333333333333,0.05
multiplane-ophys_804363_2025-08-28_14-46-56_behavior-nwb_2026-07-07_17-53-54,multiplane-ophys_804363_2025-08-28_14-46-56_behavior-nwb_2026-07-07_17-53-54,804363,2025-08-28T14:46:55.457000+00:00,OPHYS_1_images_A,OPHYS_1_images_A,images,Natural_Images_Lum_Matched_set_training_2017.07.14,Mus musculus,F,P123D,Slc32a1-IRES-Cre/wt;Oi1(TIT2L-jGCaMP8s-WPRE-ICL-IRES-tTA2)/wt,,,,86dfbd78-d083-4dc5-b61e-2fd0f5ae1fa5,geometric,0.3,0.0,0.0,0.3,3.5,5.0,,implicit,0.007,0.005,0.15,5.0,10000.0,5.0,DoC,change detection,60.0,"Task, Experiment-procedure, Label/change_detection_task",0.15,0.75,4.0,12.0,0.25,0.5,fingerprint,//allen/programs/braintv/workgroups/neuralcoding/Saskia/Visual Stimuli 151207/Movie_TOE1.npy,10.0,0.03333333333333333,0.05
multiplane-ophys_804363_2025-08-29_14-47-31_behavior-nwb_2026-07-07_17-54-22,multiplane-ophys_804363_2025-08-29_14-47-31_behavior-nwb_2026-07-07_17-54-22,804363,2025-08-29T14:47:31.197000+00:00,OPHYS_4_images_B,OPHYS_4_images_B,images,Natural_Images_Lum_Matched_set_ophys_6_2017.07.14,Mus musculus,F,P124D,Slc32a1-IRES-Cre/wt;Oi1(TIT2L-jGCaMP8s-WPRE-ICL-IRES-tTA2)/wt,,,,f6a985b8-6f2b-4c67-ac62-ad0a8308d143,geometric,0.3,0.0,0.0,0.3,3.5,5.0,,implicit,0.007,0.005,0.15,5.0,10000.0,5.0,DoC,change detection,60.0,"Task, Experiment-procedure, Label/change_detection_task",0.15,0.75,4.0,12.0,0.25,0.5,fingerprint,//allen/programs/braintv/workgroups/neuralcoding/Saskia/Visual Stimuli 151207/Movie_TOE1.npy,10.0,0.03333333333333333,0.05
multiplane-ophys_804363_2025-09-02_11-50-29_behavior-nwb_2026-07-07_17-54-36,multiplane-ophys_804363_2025-09-02_11-50-29_behavior-nwb_2026-07-07_17-54-36,804363,2025-09-02T11:50:28.595000+00:00,OPHYS_4_images_B,OPHYS_4_images_B,images,Natural_Images_Lum_Matched_set_ophys_6_2017.07.14,Mus musculus,F,P128D,Slc32a1-IRES-Cre/wt;Oi1(TIT2L-jGCaMP8s-WPRE-ICL-IRES-tTA2)/wt,,,,73402ff9-9fda-4239-8938-3a42b7d8f7de,geometric,0.3,0.0,0.0,0.3,3.5,5.0,,implicit,0.007,0.005,0.15,5.0,10000.0,5.0,DoC,change detection,60.0,"Task, Experiment-procedure, Label/change_detection_task",0.15,0.75,4.0,12.0,0.25,0.5,fingerprint,//allen/programs/braintv/workgroups/neuralcoding/Saskia/Visual Stimuli 151207/Movie_TOE1.npy,10.0,0.03333333333333333,0.05
multiplane-ophys_804363_2025-09-03_14-53-32_behavior-nwb_2026-07-07_17-54-49,multiplane-ophys_804363_2025-09-03_14-53-32_behavior-nwb_2026-07-07_17-54-49,804363,2025-09-03T14:53:31.974000+00:00,OPHYS_6_images_B,OPHYS_6_images_B,images,Natural_Images_Lum_Matched_set_ophys_6_2017.07.14,Mus musculus,F,P129D,Slc32a1-IRES-Cre/wt;Oi1(TIT2L-jGCaMP8s-WPRE-ICL-IRES-tTA2)/wt,,,,48589ac8-bc35-4475-9397-04f24a780312,geometric,0.3,0.0,0.0,0.3,3.5,5.0,,implicit,0.007,0.005,0.15,5.0,10000.0,5.0,DoC,change detection,60.0,"Task, Experiment-procedure, Label/change_detection_task",0.15,0.75,4.0,12.0,0.25,0.5,fingerprint,//allen/programs/braintv/workgroups/neuralcoding/Saskia/Visual Stimuli 151207/Movie_TOE1.npy,10.0,0.03333333333333333,0.05
multiplane-ophys_804363_2025-09-04_16-08-45_behavior-nwb_2026-07-07_17-55-07,multiplane-ophys_804363_2025-09-04_16-08-45_behavior-nwb_2026-07-07_17-55-07,804363,2025-09-04T16:08:44.581000+00:00,OPHYS_6_images_B,OPHYS_6_images_B,images,Natural_Images_Lum_Matched_set_ophys_6_2017.07.14,Mus musculus,F,P130D,Slc32a1-IRES-Cre/wt;Oi1(TIT2L-jGCaMP8s-WPRE-ICL-IRES-tTA2)/wt,,,,47b7d1ce-a069-47eb-a52f-0c13315c3d31,geometric,0.3,0.0,0.0,0.3,3.5,5.0,,implicit,0.007,0.005,0.15,5.0,10000.0,5.0,DoC,change detection,60.0,"Task, Experiment-procedure, Label/change_detection_task",0.15,0.75,4.0,12.0,0.25,0.5,fingerprint,//allen/programs/braintv/workgroups/neuralcoding/Saskia/Visual Stimuli 151207/Movie_TOE1.npy,10.0,0.03333333333333333,0.05
multiplane-ophys_804363_2025-09-05_13-25-33_behavior-nwb_2026-07-07_17-55-35,multiplane-ophys_804363_2025-09-05_13-25-33_behavior-nwb_2026-07-07_17-55-35,804363,2025-09-05T13:25:38.632000+00:00,,STAGE_0,,,Mus musculus,F,,Slc32a1-IRES-Cre/wt;Oi1(TIT2L-jGCaMP8s-WPRE-ICL-IRES-tTA2)/wt,,,,a5a5830e-eed2-41a5-af1b-c4222bf3eb85,,,,,,,,,,,,,,,,,,,,,,,,,,,,,,
multiplane-ophys_804363_2025-09-08_09-24-39_behavior-nwb_2026-07-07_17-55-56,multiplane-ophys_804363_2025-09-08_09-24-39_behavior-nwb_2026-07-07_17-55-56,804363,2025-09-08T09:24:44.751000+00:00,,STAGE_1,,,Mus musculus,F,,Slc32a1-IRES-Cre/wt;Oi1(TIT2L-jGCaMP8s-WPRE-ICL-IRES-tTA2)/wt,,,,2cd23c7b-92a6-4bec-81a0-b1fc7a6b817d,,,,,,,,,,,,,,,,,,,,,,,,,,,,,,
multiplane-ophys_804363_2025-09-09_11-44-14_behavior-nwb_2026-07-07_17-56-02,multiplane-ophys_804363_2025-09-09_11-44-14_behavior-nwb_2026-07-07_17-56-02,804363,2025-09-09T11:44:19.644000+00:00,,STAGE_1,,,Mus musculus,F,,Slc32a1-IRES-Cre/wt;Oi1(TIT2L-jGCaMP8s-WPRE-ICL-IRES-tTA2)/wt,,,,7d37f967-adbd-4c89-afc6-ee325eaea446,,,,,,,,,,,,,,,,,,,,,,,,,,,,,,
multiplane-ophys_804363_2025-09-10_14-44-56_behavior-nwb_2026-07-07_17-56-08,multiplane-ophys_804363_2025-09-10_14-44-56_behavior-nwb_2026-07-07_17-56-08,804363,2025-09-10T14:45:02.068000+00:00,,STAGE_1,,,Mus musculus,F,,Slc32a1-IRES-Cre/wt;Oi1(TIT2L-jGCaMP8s-WPRE-ICL-IRES-tTA2)/wt,,,,c71b876e-834d-4e60-a2fd-134d4be26bfb,,,,,,,,,,,,,,,,,,,,,,,,,,,,,,
multiplane-ophys_804363_2025-09-24_13-00-27_behavior-nwb_2026-07-07_17-57-07,multiplane-ophys_804363_2025-09-24_13-00-27_behavior-nwb_2026-07-07_17-57-07,804363,2025-09-24T13:00:27.982000+00:00,,CENTER_MOUSEMOTION,,,Mus musculus,F,,Slc32a1-IRES-Cre/wt;Oi1(TIT2L-jGCaMP8s-WPRE-ICL-IRES-tTA2)/wt,,,,3e86443a-a3eb-4b4a-878b-6c23aae283ac,,,,,,,,,,,,,,,,,,,,,,,,,,,,,,
multiplane-ophys_804363_2025-09-29_11-55-50_behavior-nwb_2026-07-07_17-57-15,multiplane-ophys_804363_2025-09-29_11-55-50_behavior-nwb_2026-07-07_17-57-15,804363,2025-09-29T11:55:50.501000+00:00,,CENTER_MOUSEMOTION,,,Mus musculus,F,,Slc32a1-IRES-Cre/wt;Oi1(TIT2L-jGCaMP8s-WPRE-ICL-IRES-tTA2)/wt,,,,9fab9fc9-0989-4b7b-951b-c5adb5bd6a6a,,,,,,,,,,,,,,,,,,,,,,,,,,,,,,
